"ID","MRKT_NM","CTPRVN_NM","SIGNGU_NM","LEGALDONG_CD","LEGALDONG_NM","ADSTRD_CD","ADSTRD_NM","ROAD_NM_CD","FCLTY_ROAD_NM_ADDR","ZIP_NO","GID_CD","FCLTY_LA","FCLTY_LO","MRKT_TY_CD","MRKT_OPER_PD","STORE_CO","MRKT_SLE_PRDLST_CN","USE_GCCT_CN","HMPG_URL","TOILET_EXST_AT","PRKPLCE_EXST_AT","MRKT_OPNNG_YEAR","REPRSNT_TEL_NO","SIGNGU_POPLTN_CO","SIGNGU_MRKT_CO","SIGNGU_STORE_CO","STORE_POPLTN_CO","FILE_NM","BASE_DE","KBS_URL_CN","MBC_URL_CN","SBS_URL_CN","NVRTV_URL_CN","KKOTV_URL_CN"
"KC603PO20N000000001","서대신1동골목시장","부산광역시","서구","2614010400","서대신동1가","2614054000","서대신1동","26","부산광역시 서구 대영로 30번길 19-1(서대신동1가)","49228","마라380803","35.1086576","129.0144325","상설장","-","50.0","농산물,가공식품,의류 및 신발,음식점업,기타소매업,근린생활서비스,","지역사랑상품권","","N","N","1950","","108119.0","19.0","2060.0","52.0","KC_603_TRD_MART_CTL_STATN_BIZAEA_2020","20210201","","","","",""
"KC603PO20N000000002","해남매일시장","전라남도","해남군","4682025021","해남읍","4682025000","해남읍","46","전라남도 해남군 해남읍 천변2길 15","59036","다라173199","34.5703058","126.5989153","상설장","-","33.0","축산물,수산물,가공식품,음식점업,","온누리+지역사랑상품권","","Y","Y","1981","","68966.0","20.0","1418.0","49.0","KC_603_TRD_MART_CTL_STATN_BIZAEA_2020","20210201","http://www.kbs.co.kr/index.html?source=smr&sname=vod&stype=vod&contents_id=K01_PS-2021135601-01-000_MFSC2&program_code=T2000-0093&program_id=PS-2021135601-01-000&section_code=05&broadcast_complete_yn=N","","","https://tv.naver.com/v/21896122?query=%ED%95%B4%EB%82%A8%EB%A7%A4%EC%9D%BC%EC%8B%9C%EC%9E%A5&plClips=false:21896122:3680157:5025969:15484086:3865957:2886472:2887484",""
"KC603PO20N000000003","남리5일시장","전라남도","해남군","4682040021","황산면","4682040000","황산면","46","전라남도 해남군 황산면 시등로 111-11","59007","다라020206","34.5753237","126.4324836","5일장","5일","15.0","농산물,축산물,수산물,가공식품,의류 및 신발,음식점업,기타소매업","온누리+지역사랑상품권","","Y","Y","1964","","68966.0","20.0","1418.0","49.0","KC_603_TRD_MART_CTL_STATN_BIZAEA_2020","20210201","","","","",""
"KC603PO20N000000004","광안시장","부산광역시","수영구","2650010400","광안동","2650079000","광안4동","26","부산광역시 수영구 수영로603번길 18","48254","마라468861","35.1601176","129.1124667","상설장","-","60.0","농산물,축산물,수산물,가공식품,의류 및 신발,가정용품,음식점업,근린생활서비스,","지역사랑상품권","","Y","Y","1955","","176885.0","38.0","2851.0","62.0","KC_603_TRD_MART_CTL_STATN_BIZAEA_2020","20210201","","","","",""
"KC603PO20N000000005","원통시장","강원도","인제군","4281032021","북면","4281032000","북면","42","강원도 인제군 북면 원통로 178번길 7-1","24617","라아617138","38.1225811","128.2046174","상설장+5일장","5일","58.0","농산물,축산물,수산물,의류 및 신발,가정용품,음식점업,기타소매업","온누리+지역사랑상품권","","Y","Y","","","31623.0","3.0","185.0","171.0","KC_603_TRD_MART_CTL_STATN_BIZAEA_2020","20210201","","","","",""
"KC603PO20N000000006","승주시장","전라남도","순천시","4615025021","승주읍","4615025000","승주읍","46","전라남도 승주읍 승주장길 14","57908","다라897687","35.0132251","127.3875192","5일장","5일","21.0","농산물,수산물,의류 및 신발,가정용품,음식점업,기타소매업,근린생활서비스","온누리+지역사랑상품권","","Y","N","","","282618.0","17.0","1197.0","236.0","KC_603_TRD_MART_CTL_STATN_BIZAEA_2020","20210201","","","","",""
"KC603PO20N000000007","서면시장","경상북도","경주시","4713035021","서면","4713035000","서면","47","경상북도 경주시 서면 내서로 401-5","38053","마마397676","35.8950633","129.0480431","5일장","5일","5.0","가공식품,음식점업,기타소매업,근린생활서비스,","지역사랑상품권","","Y","Y","1929","","253468.0","31.0","6195.0","41.0","KC_603_TRD_MART_CTL_STATN_BIZAEA_2020","20210201","","","","https://tv.naver.com/v/3425737?query=%EC%84%9C%EB%A9%B4%EC%8B%9C%EC%9E%A5&plClips=false:19296789:21951378:19694975:3902381:20934200:3425737:18290010:10317334:13920098:11448754:11448886:3928948:21720449:11494035:8545317:22007701:12454724:19424372:5064850:19931690:21268990:4623373:18380297:19026457:21782204:19441495:16045374:3362922:20639060:19431067:17433005:21272749:21437325:18152705:21950605:3416072:20045687:13928379:13689292:11493992,https://tv.naver.com/v/3416072?query=%EC%84%9C%EB%A9%B4%EC%8B%9C%EC%9E%A5&plClips=false:19296789:21951378:19694975:3902381:20934200:3425737:18290010:10317334:13920098:11448754:11448886:3928948:21720449:11494035:8545317:22007701:12454724:19424372:5064850:19931690:21268990:4623373:18380297:19026457:21782204:19441495:16045374:3362922:20639060:19431067:17433005:21272749:21437325:18152705:21950605:3416072:20045687:13928379:13689292:11493992,https://tv.naver.com/v/3425737?query=%EC%84%9C%EB%A9%B4%EC%8B%9C%EC%9E%A5&plClips=false:19296789:21951378:19694975:3902381:20934200:3425737:18290010:10317334:13920098:11448754:11448886:3928948:21720449:11494035:8545317:22007701:12454724:19424372:5064850:19931690:21268990:4623373:18380297:19026457:21782204:19441495:16045374:3362922:20639060:19431067:17433005:21272749:21437325:18152705:21950605:3416072:20045687:13928379:13689292:11493992,https://tv.naver.com/v/3416072?query=%EC%84%9C%EB%A9%B4%EC%8B%9C%EC%9E%A5&plClips=false:19296789:21951378:19694975:3902381:20934200:3425737:18290010:10317334:13920098:11448754:11448886:3928948:21720449:11494035:8545317:22007701:12454724:19424372:5064850:19931690:21268990:4623373:18380297:19026457:21782204:19441495:16045374:3362922:20639060:19431067:17433005:21272749:21437325:18152705:21950605:3416072:20045687:13928379:13689292:11493992","https://tv.kakao.com//channel/2993678/cliplink/386858117,https://tv.kakao.com//channel/2993678/cliplink/386935107,https://tv.kakao.com//channel/2993678/cliplink/397600053"
"KC603PO20N000000008","내일전통시장","경상남도","밀양시","4827010100","내일동","4827051000","내일동","48","경상남도 밀양시 상설시장3길 18-6","50430","마마136226","35.4933363","128.7533090","상설장+5일장","5일","122.0","농산물,축산물,수산물,가공식품,의류 및 신발,음식점업,기타소매업,근린생활서비스,","지역사랑상품권","","Y","Y","1915","","104868.0","6.0","421.0","249.0","KC_603_TRD_MART_CTL_STATN_BIZAEA_2020","20210201","","","","",""
"KC603PO20N000000009","영광터미널시장","전라남도","영광군","4687025021","영광읍","4687025000","영광읍","46","전라남도 영광군 영광읍 신남로3길 5-3","57043","다라093982","35.2755364","126.5030195","상설장+5일장","5일","90.0","농산물,축산물,수산물,가공식품,의류 및 신발,가정용품,음식점업,기타소매업근린생활서비스","온누리+지역사랑상품권","","Y","Y","1993","","53183.0","4.0","286.0","186.0","KC_603_TRD_MART_CTL_STATN_BIZAEA_2020","20210201","http://www.kbs.co.kr/index.html?source=smr&sname=vod&stype=vod&contents_id=K01_PS-2020083838-01-000_SC01&program_code=T2000-0093&program_id=PS-2020083838-01-000&section_code=05&broadcast_complete_yn=N,http://www.kbs.co.kr/index.html?source=smr&sname=vod&stype=vod&contents_id=K01_PS-2017014399-01-000_SC01&program_code=T2000-0093&program_id=PS-2017014399-01-000&section_code=05&broadcast_complete_yn=N,http://www.kbs.co.kr/index.html?source=smr&sname=vod&stype=vod&contents_id=K01_PS-2017014399-01-000_SC00&program_code=T2000-0093&program_id=PS-2017014399-01-000&section_code=05&broadcast_complete_yn=N","","","https://tv.naver.com/v/1439406?query=%EC%98%81%EA%B4%91%ED%84%B0%EB%AF%B8%EB%84%90%EC%8B%9C%EC%9E%A5&plClips=false:1439406:18285985:17434597:18163174:14148921:396797:3331870:12625000,https://tv.naver.com/v/14148921?query=%EC%98%81%EA%B4%91%ED%84%B0%EB%AF%B8%EB%84%90%EC%8B%9C%EC%9E%A5&plClips=false:1439406:18285985:17434597:18163174:14148921:396797:3331870:12625000","https://tv.kakao.com//channel/2653341/cliplink/300313938,https://tv.kakao.com//channel/2653341/cliplink/409648692,https://tv.kakao.com//channel/2653341/cliplink/300313936"
"KC603PO20N000000010","지산목련시장(지산종합시장)","대구광역시","수성구","2726011200","지산동","2726065200","지산2동","27","대구광역시 수성구 용학로42길 9","42212","마마022588","35.8207968","128.6318630","상설장","-","33.0","농산물,축산물,가공식품,음식점업,근린생활서비스","지역사랑상품권","","Y","Y","","","424947.0","19.0","946.0","449.0","KC_603_TRD_MART_CTL_STATN_BIZAEA_2020","20210201","","","","",""
"KC603PO20N000000011","중앙시장","경상북도","포항시 북구","4711311600","죽도동","4711365500","죽도동","47","경상북도 포항시 북구 양학천로29","37752","마마671822","36.0231387","129.3554276","상설장","-","42.0","가공식품,음식점업,기타소매업,근린생활서비스,","온누리+지역사랑상품권","","Y","N","1986","","272566.0","21.0","2289.0","119.0","KC_603_TRD_MART_CTL_STATN_BIZAEA_2020","20210201","","http://playvod.imbc.com/Vod/ClipPlay?broadcastId=1003106101403100001,http://playvod.imbc.com/Vod/ClipPlay?broadcastId=1003106101403100002,http://playvod.imbc.com/Vod/ClipPlay?broadcastId=1003106101306100001,http://playvod.imbc.com/Vod/ClipPlay?broadcastId=1003106101262100001,http://playvod.imbc.com/Vod/ClipPlay?broadcastId=1003106101229100001,http://playvod.imbc.com/Vod/ClipPlay?broadcastId=1003106100552100001,http://playvod.imbc.com/Vod/ClipPlay?broadcastId=1003106100533100001,http://playvod.imbc.com/Vod/ClipPlay?broadcastId=1003106100490100002,http://playvod.imbc.com/Vod/ClipPlay?broadcastId=1003106100490100001,http://playvod.imbc.com/Vod/ClipPlay?broadcastId=1003106100460100002,http://playvod.imbc.com/Vod/ClipPlay?broadcastId=1003106100460100001,http://playvod.imbc.com/Vod/ClipPlay?broadcastId=1003106100298100001","","","https://tv.kakao.com//channel/2653341/cliplink/419835662"
"KC603PO20N000000012","문막시장","강원도","원주시","4213025021","문막읍","4213025000","문막읍","42","강원도 원주시 문막읍 문막시장1길 52-10","26373","라사279230","37.3060362","127.8153591","상설장+5일장","5일","79.0","농산물,축산물,가공식품,가정용품,음식점업,기타소매업,근린생활서비스","온누리+지역사랑상품권","","Y","Y","1959","","353928.0","8.0","1329.0","266.0","KC_603_TRD_MART_CTL_STATN_BIZAEA_2020","20210201","","","","",""
"KC603PO20N000000013","태평전통시장","대전광역시","중구","3014011400","태평동","3014068000","태평1동","30","대전광역시 중구 수침로 55번길 56","34893","다바908142","36.3259452","127.3976940","상설장","-","144.0","농산물,축산물,수산물,가공식품,의류 및 신발,음식점업,근린생활서비스","온누리+지역사랑상품권","www.taepyung-market.kr","Y","Y","1980","","236492.0","21.0","2660.0","89.0","KC_603_TRD_MART_CTL_STATN_BIZAEA_2020","20210201","http://www.kbs.co.kr/index.html?source=smr&sname=vod&stype=vod&contents_id=K01_PS-2016094111-01-000_SC02&program_code=T2000-0093&program_id=PS-2016094111-01-000&section_code=05&broadcast_complete_yn=N,http://www.kbs.co.kr/index.html?source=smr&sname=vod&stype=vod&contents_id=K01_PS-2016094111-01-000_SC01&program_code=T2000-0093&program_id=PS-2016094111-01-000&section_code=05&broadcast_complete_yn=N","","","https://tv.naver.com/v/912388?query=%ED%83%9C%ED%8F%89%EC%A0%84%ED%86%B5%EC%8B%9C%EC%9E%A5&plClips=false:912388:161302:912387:18140146:17807684:15329986:434270:807833:729545:17382924:488418:17382919:5222327:369624:4512615:14757476:15673436:4512578:4512600:15173394,https://tv.naver.com/v/912387?query=%ED%83%9C%ED%8F%89%EC%A0%84%ED%86%B5%EC%8B%9C%EC%9E%A5&plClips=false:912388:161302:912387:18140146:17807684:15329986:434270:807833:729545:17382924:488418:17382919:5222327:369624:4512615:14757476:15673436:4512578:4512600:15173394","https://tv.kakao.com//channel/2653341/cliplink/300098062,https://tv.kakao.com//channel/2653341/cliplink/300097998"
"KC603PO20N000000014","인천산업유통사업협동조합","인천광역시","동구","2814010700","송림동","2814061000","송림4동","28","인천광역시 동구 방축로 83번길 23","22530","다사252431","37.4848277","126.6547960","상설장","-","4735.0","의류 및 신발,가정용품,음식점업,기타소매업,근린생활서비스","지역사랑상품권","","Y","Y","1997","","62747.0","9.0","10525.0","6.0","KC_603_TRD_MART_CTL_STATN_BIZAEA_2020","20210201","","","","",""
"KC603PO20N000000015","신울산종합시장","울산광역시","중구","3111011800","반구동","3111053000","반구2동","31","울산광역시 중구 서원6길 11(반구동)","44510","마마665310","35.5612379","129.3373619","상설장","-","50.0","농산물,수산물,가공식품,근린생활서비스,","지역사랑상품권","","Y","Y","1984","","218096.0","36.0","4106.0","53.0","KC_603_TRD_MART_CTL_STATN_BIZAEA_2020","20210201","","","","",""
"KC603PO20N000000016","목동깨비시장 (목3동시장)","서울특별시","양천구","1147010200","목동","1147053000","목3동","11","서울특별시 양천구 목동중앙북로6길 5(목동)","07950","다사439500","37.5481845","126.8652286","상설장","-","105.0","농산물,축산물,수산물,가공식품,의류 및 신발,가정용품,음식점업,기타소매업,","지역사랑상품권","","Y","Y","1970","","455058.0","21.0","1359.0","335.0","KC_603_TRD_MART_CTL_STATN_BIZAEA_2020","20210201","http://www.kbs.co.kr/index.html?source=smr&sname=vod&stype=vod&contents_id=K01_PS-2020000332-01-000_SC01&program_code=T2000-0093&program_id=PS-2020000332-01-000&section_code=05&broadcast_complete_yn=N","","","https://tv.naver.com/v/12112756?query=%EB%AA%A9%EB%8F%99%EA%B9%A8%EB%B9%84%EC%8B%9C%EC%9E%A5&plClips=false:12112756:18339808:21505614:3073819:21254634:21259062:16137835:20400160:19360625:8978162:2470361:1628063:16137752:21283669:1627769:15258558:19355264:12466561:10277979","https://tv.kakao.com//channel/2653341/cliplink/406042186"
"KC603PO20N000000017","태화종합시장","울산광역시","중구","3111011100","태화동","3111060000","태화동","31","울산광역시 중구 화진1길 4(태화동)","44452","마마638304","35.5562333","129.3073562","상설장+5일장","5일","192.0","농산물,축산물,수산물,가공식품,의류 및 신발,가정용품,음식점업,기타소매업근린생활서비스","지역사랑상품권","","Y","Y","1982","","218096.0","36.0","4106.0","53.0","KC_603_TRD_MART_CTL_STATN_BIZAEA_2020","20210201","","","","https://tv.naver.com/v/1328093?query=%ED%83%9C%ED%99%94%EC%A2%85%ED%95%A9%EC%8B%9C%EC%9E%A5&plClips=false:17733223:22043704:1328093:9839263:11195572:1163376:22040526:20990185:16725687:22039984:20315827:22025101:20627065:20528853:17373036:17225265:1363821:396797:18678351:20792265:17702944:19510561:18521389:15571605:13834330:3214575:13936235:12077602:11437216:14621834:9146405:13873359:16379100:14270489:8435745:14436841:13721231:14324541:9401973:12060665,https://tv.naver.com/v/1328093?query=%ED%83%9C%ED%99%94%EC%A2%85%ED%95%A9%EC%8B%9C%EC%9E%A5&plClips=false:17733223:22043704:1328093:9839263:11195572:1163376:22040526:20990185:16725687:22039984:20315827:22025101:20627065:20528853:17373036:17225265:1363821:396797:18678351:20792265:17702944:19510561:18521389:15571605:13834330:3214575:13936235:12077602:11437216:14621834:9146405:13873359:16379100:14270489:8435745:14436841:13721231:14324541:9401973:12060665",""
"KC603PO20N000000018","현대시장","서울특별시","금천구","1154510300","시흥동","1154567000","시흥1동","11","서울특별시 금천구 독산로 27길 52","08625","다사473400","37.4577265","126.9048774","상설장","-","240.0","농산물,축산물,수산물,가공식품,의류 및 신발,가정용품,음식점업,기타소매업근린생활서비스","온누리+지역사랑상품권","","Y","Y","2007","","232003.0","9.0","1370.0","169.0","KC_603_TRD_MART_CTL_STATN_BIZAEA_2020","20210201","http://www.kbs.co.kr/index.html?source=smr&sname=vod&stype=vod&contents_id=K02_PS-2018049069-01-000_SC01&program_code=T2014-0844&program_id=PS-2018049069-01-000&section_code=05&broadcast_complete_yn=N,http://www.kbs.co.kr/index.html?source=smr&sname=vod&stype=vod&contents_id=K01_PS-2019028413-01-000_SC01&program_code=T2000-0093&program_id=PS-2019028413-01-000&section_code=05&broadcast_complete_yn=N,http://www.kbs.co.kr/index.html?source=smr&sname=vod&stype=vod&contents_id=K01_PS-2020211879-01-000_MFSC1&program_code=T2007-0188&program_id=PS-2020211879-01-000&section_code=05&broadcast_complete_yn=N","http://playvod.imbc.com/Vod/ClipPlay?broadcastId=1003106100979100001,http://playvod.imbc.com/Vod/ClipPlay?broadcastId=1003106100502100002,http://playvod.imbc.com/Vod/ClipPlay?broadcastId=1003106100502100001,http://playvod.imbc.com/Vod/ClipPlay?broadcastId=1003106100373100001","","https://tv.naver.com/v/1312698?query=%ED%98%84%EB%8C%80%EC%8B%9C%EC%9E%A5&plClips=false:12457584:1312698:18279379:5708112:9624316:8811612:20671259:21974283:21913414:21630680:18995172:14316567:21841532:21736953:19021118:18766092:20638717:21952641:21851989:17372691:21342764:773415:11549958:22058137:21490415:21649527:18748207:20995211:20242466:17880041:19974351:20602066:21975539:19268773:17856102:20668005:19714257:18672912:10368048:20449609,https://tv.naver.com/v/5708112?query=%ED%98%84%EB%8C%80%EC%8B%9C%EC%9E%A5&plClips=false:12457584:1312698:18279379:5708112:9624316:8811612:20671259:21974283:21913414:21630680:18995172:14316567:21841532:21736953:19021118:18766092:20638717:21952641:21851989:17372691:21342764:773415:11549958:22058137:21490415:21649527:18748207:20995211:20242466:17880041:19974351:20602066:21975539:19268773:17856102:20668005:19714257:18672912:10368048:20449609,https://tv.naver.com/v/1312698?query=%ED%98%84%EB%8C%80%EC%8B%9C%EC%9E%A5&plClips=false:12457584:1312698:18279379:5708112:9624316:8811612:20671259:21974283:21913414:21630680:18995172:14316567:21841532:21736953:19021118:18766092:20638717:21952641:21851989:17372691:21342764:773415:11549958:22058137:21490415:21649527:18748207:20995211:20242466:17880041:19974351:20602066:21975539:19268773:17856102:20668005:19714257:18672912:10368048:20449609,https://tv.naver.com/v/5708112?query=%ED%98%84%EB%8C%80%EC%8B%9C%EC%9E%A5&plClips=false:12457584:1312698:18279379:5708112:9624316:8811612:20671259:21974283:21913414:21630680:18995172:14316567:21841532:21736953:19021118:18766092:20638717:21952641:21851989:17372691:21342764:773415:11549958:22058137:21490415:21649527:18748207:20995211:20242466:17880041:19974351:20602066:21975539:19268773:17856102:20668005:19714257:18672912:10368048:20449609","https://tv.kakao.com//channel/2653197/cliplink/300225208,https://tv.kakao.com//channel/2653341/cliplink/396517366"
"KC603PO20N000000019","계양산전통시장","인천광역시","계양구","2824510700","병방동","2824572000","계양2동","28","인천광역시 계양구 병방시장로 69 2층","21027","다사328501","37.5480314","126.7394455","상설장","-","128.0","농산물,축산물,수산물,가공식품,의류 및 신발,음식점업,","온누리+지역사랑상품권","","Y","Y","1980","","297148.0","4.0","519.0","573.0","KC_603_TRD_MART_CTL_STATN_BIZAEA_2020","20210201","http://www.kbs.co.kr/index.html?source=smr&sname=vod&stype=vod&contents_id=K01_LS-20190607191332-01-000_S003&program_code=T2000-0093&program_id=PS-2019085905-01-000&section_code=05&broadcast_complete_yn=N,http://www.kbs.co.kr/index.html?source=smr&sname=vod&stype=vod&contents_id=K01_PS-2020201267-01-000_MFSC2&program_code=T2000-0093&program_id=PS-2020201267-01-000&section_code=05&broadcast_complete_yn=N","http://playvod.imbc.com/Vod/ClipPlay?broadcastId=1003106101314100001","","https://tv.naver.com/v/17478312?query=%EA%B3%84%EC%96%91%EC%82%B0%EC%A0%84%ED%86%B5%EC%8B%9C%EC%9E%A5&plClips=false:17478312:13749384:19306427:4868689:17931795:17933199:8676662:17275780:17287496:17975644:8722843:18872420:18045550:18048351:18507957:17651368:4038951:9799649:16952592:12001327:13443362:15456682:15864141:11654706:11641058:15855906:16954579:9611581:11724331:13316251,https://tv.naver.com/v/13749384?query=%EA%B3%84%EC%96%91%EC%82%B0%EC%A0%84%ED%86%B5%EC%8B%9C%EC%9E%A5&plClips=false:17478312:13749384:19306427:4868689:17931795:17933199:8676662:17275780:17287496:17975644:8722843:18872420:18045550:18048351:18507957:17651368:4038951:9799649:16952592:12001327:13443362:15456682:15864141:11654706:11641058:15855906:16954579:9611581:11724331:13316251,https://tv.naver.com/v/8676662?query=%EA%B3%84%EC%96%91%EC%82%B0%EC%A0%84%ED%86%B5%EC%8B%9C%EC%9E%A5&plClips=false:17478312:13749384:19306427:4868689:17931795:17933199:8676662:17275780:17287496:17975644:8722843:18872420:18045550:18048351:18507957:17651368:4038951:9799649:16952592:12001327:13443362:15456682:15864141:11654706:11641058:15855906:16954579:9611581:11724331:13316251","https://tv.kakao.com//channel/2653341/cliplink/415217971,https://tv.kakao.com//channel/2653341/cliplink/399172429,https://tv.kakao.com//channel/2653197/cliplink/408937935"
"KC603PO20N000000020","부천중동시장","경기도","부천시","4119010800","중동","4119061000","중동","41","경기도 부천시 부흥로 200번길28","14606","다사349442","37.4949004","126.7643344","상설장","-","103.0","농산물,축산물,수산물,가공식품,의류 및 신발,가정용품,음식점업,기타소매업,","지역사랑상품권","","Y","Y","1995","","819990.0","19.0","1910.0","429.0","KC_603_TRD_MART_CTL_STATN_BIZAEA_2020","20210201","http://www.kbs.co.kr/index.html?source=smr&sname=vod&stype=vod&contents_id=K01_PS-2018069354-01-000_SC01&program_code=T2000-0093&program_id=PS-2018069354-01-000&section_code=05&broadcast_complete_yn=N,http://www.kbs.co.kr/index.html?source=smr&sname=vod&stype=vod&contents_id=K01_PS-2018069354-01-000_SC04&program_code=T2000-0093&program_id=PS-2018069354-01-000&section_code=05&broadcast_complete_yn=N,http://www.kbs.co.kr/index.html?source=smr&sname=vod&stype=vod&contents_id=K01_PS-2018069354-01-000_SC02&program_code=T2000-0093&program_id=PS-2018069354-01-000&section_code=05&broadcast_complete_yn=N,http://www.kbs.co.kr/index.html?source=smr&sname=vod&stype=vod&contents_id=K01_PS-2018069354-01-000_SC03&program_code=T2000-0093&program_id=PS-2018069354-01-000&section_code=05&broadcast_complete_yn=N","","","https://tv.naver.com/v/3153609?query=%EB%B6%80%EC%B2%9C%EC%A4%91%EB%8F%99%EC%8B%9C%EC%9E%A5&plClips=false:3153609:20550416:9946338:15478978:17261680:21893680:18770085:18493531:21994907:21961772:20999677:21993720:21817676:20972090:18484326:21951925:21148606:21846559:21376804:19642043:19224915:19224013:19845785:20944276:18903477:18478803:21504614:3153607:21842998:18148570:21843145:21968601:21664086:21703216:20689760:17261785:20267767:18854418:20478185:18080772,https://tv.naver.com/v/3153607?query=%EB%B6%80%EC%B2%9C%EC%A4%91%EB%8F%99%EC%8B%9C%EC%9E%A5&plClips=false:3153609:20550416:9946338:15478978:17261680:21893680:18770085:18493531:21994907:21961772:20999677:21993720:21817676:20972090:18484326:21951925:21148606:21846559:21376804:19642043:19224915:19224013:19845785:20944276:18903477:18478803:21504614:3153607:21842998:18148570:21843145:21968601:21664086:21703216:20689760:17261785:20267767:18854418:20478185:18080772,https://tv.naver.com/v/3153609?query=%EB%B6%80%EC%B2%9C%EC%A4%91%EB%8F%99%EC%8B%9C%EC%9E%A5&plClips=false:3153609:20550416:9946338:15478978:17261680:21893680:18770085:18493531:21994907:21961772:20999677:21993720:21817676:20972090:18484326:21951925:21148606:21846559:21376804:19642043:19224915:19224013:19845785:20944276:18903477:18478803:21504614:3153607:21842998:18148570:21843145:21968601:21664086:21703216:20689760:17261785:20267767:18854418:20478185:18080772,https://tv.naver.com/v/3153607?query=%EB%B6%80%EC%B2%9C%EC%A4%91%EB%8F%99%EC%8B%9C%EC%9E%A5&plClips=false:3153609:20550416:9946338:15478978:17261680:21893680:18770085:18493531:21994907:21961772:20999677:21993720:21817676:20972090:18484326:21951925:21148606:21846559:21376804:19642043:19224915:19224013:19845785:20944276:18903477:18478803:21504614:3153607:21842998:18148570:21843145:21968601:21664086:21703216:20689760:17261785:20267767:18854418:20478185:18080772","https://tv.kakao.com//channel/2653341/cliplink/385352761,https://tv.kakao.com//channel/2653341/cliplink/385353078,https://tv.kakao.com//channel/2653341/cliplink/385353079,https://tv.kakao.com//channel/2653341/cliplink/385352859"
"KC603PO20N000000021","돌곶이시장(구 석관황금시장)","서울특별시","성북구","1129013900","석관동","1129081000","석관동","11","서울특별시 성북구 한천로 73길 33","02784","다사613567","37.6095024","127.0616578","상설장","-","87.0","축산물,수산물,가공식품,의류 및 신발,음식점업,기타소매업,","지역사랑상품권","dolgjimarket.co.kr","N","N","2006","","438051.0","15.0","1607.0","273.0","KC_603_TRD_MART_CTL_STATN_BIZAEA_2020","20210201","","","","",""
"KC603PO20N000000022","정릉시장","서울특별시","성북구","1129013800","장위동","1129077000","장위2동","11","서울특별시 장월로 12길 41-1","02769","다사603570","37.6120877","127.0508053","상설장","-","118.0","농산물,축산물,수산물,가공식품,음식점업,기타소매업,근린생활서비스","지역사랑상품권","","Y","Y","2010","","438051.0","15.0","1607.0","273.0","KC_603_TRD_MART_CTL_STATN_BIZAEA_2020","20210201","","","","",""
"KC603PO20N000000023","금정상가시장","부산광역시","동래구","2626010800","온천동","2626057000","온천3동","26","부산광역시 동래구 충렬대로108번길 81","47825","마라432909","35.2032525","129.0737929","상설장","-","31.0","농산물,축산물,수산물,가공식품,의류 및 신발,가정용품,음식점업,기타소매업근린생활서비스","지역사랑상품권","","Y","N","1975","","271187.0","28.0","2517.0","108.0","KC_603_TRD_MART_CTL_STATN_BIZAEA_2020","20210201","","","","",""
"KC603PO20N000000024","산본시장","경기도","군포시","4141010400","산본동","4141054000","산본1동","41","경기도 군포시 산본천로 181","15806","다사502302","37.3696753","126.9381221","상설장","-","203.0","농산물,축산물,수산물,가공식품,의류 및 신발,가정용품,음식점업,기타소매업근린생활서비스","지역사랑상품권","","Y","Y","1985","","274309.0","3.0","463.0","592.0","KC_603_TRD_MART_CTL_STATN_BIZAEA_2020","20210201","http://www.kbs.co.kr/index.html?source=smr&sname=vod&stype=vod&contents_id=K01_PS-2017211053-01-000_SC01&program_code=T2000-0093&program_id=PS-2017211053-01-000&section_code=05&broadcast_complete_yn=N,http://www.kbs.co.kr/index.html?source=smr&sname=vod&stype=vod&contents_id=K01_PS-2017211053-01-000_SC03&program_code=T2000-0093&program_id=PS-2017211053-01-000&section_code=05&broadcast_complete_yn=N","http://playvod.imbc.com/Vod/ClipPlay?broadcastId=1003106100477100001,http://playvod.imbc.com/Vod/ClipPlay?broadcastId=1003106100477100002","","https://tv.naver.com/v/2455791?query=%EC%82%B0%EB%B3%B8%EC%8B%9C%EC%9E%A5&plClips=false:19774262:2455791:17370555:12665118:10333490:11234623:14465707:12719068:11550032:21019418:13249272:11253843:9679729:11495563:10333628:19569042:14416797:10333629:9678437:12110857:20382768:22046594:15961808:9608486:11502037:9678912:19325431:19347274:12111691:9679057:9678960:16775772:12900083:21874443:9267802:20831801:20766288:5246601:19022649:20011559,https://tv.naver.com/v/14416797?query=%EC%82%B0%EB%B3%B8%EC%8B%9C%EC%9E%A5&plClips=false:19774262:2455791:17370555:12665118:10333490:11234623:14465707:12719068:11550032:21019418:13249272:11253843:9679729:11495563:10333628:19569042:14416797:10333629:9678437:12110857:20382768:22046594:15961808:9608486:11502037:9678912:19325431:19347274:12111691:9679057:9678960:16775772:12900083:21874443:9267802:20831801:20766288:5246601:19022649:20011559,https://tv.naver.com/v/2455791?query=%EC%82%B0%EB%B3%B8%EC%8B%9C%EC%9E%A5&plClips=false:19774262:2455791:17370555:12665118:10333490:11234623:14465707:12719068:11550032:21019418:13249272:11253843:9679729:11495563:10333628:19569042:14416797:10333629:9678437:12110857:20382768:22046594:15961808:9608486:11502037:9678912:19325431:19347274:12111691:9679057:9678960:16775772:12900083:21874443:9267802:20831801:20766288:5246601:19022649:20011559,https://tv.naver.com/v/14416797?query=%EC%82%B0%EB%B3%B8%EC%8B%9C%EC%9E%A5&plClips=false:19774262:2455791:17370555:12665118:10333490:11234623:14465707:12719068:11550032:21019418:13249272:11253843:9679729:11495563:10333628:19569042:14416797:10333629:9678437:12110857:20382768:22046594:15961808:9608486:11502037:9678912:19325431:19347274:12111691:9679057:9678960:16775772:12900083:21874443:9267802:20831801:20766288:5246601:19022649:20011559","https://tv.kakao.com//channel/2653341/cliplink/380701225,https://tv.kakao.com//channel/2653341/cliplink/410126957,https://tv.kakao.com//channel/2653341/cliplink/380701227"
"KC603PO20N000000025","성남남한산성시장(은행골목시장)","경기도","성남시 중원구","4113310400","은행동","4113356000","은행2동","41","경기도 성남시 중원구 산성대로518번길 7","13157","다사703398","37.4569551","127.1644337","상설장","-","69.0","축산물,수산물,가공식품,의류 및 신발,가정용품,음식점업,근린생활서비스","온누리+지역사랑상품권","http://namhansansungsj.modoo.at","N","N","2013","","215975.0","14.0","1503.0","144.0","KC_603_TRD_MART_CTL_STATN_BIZAEA_2020","20210201","http://www.kbs.co.kr/index.html?source=smr&sname=vod&stype=vod&contents_id=K01_PS-2015217225-01-000_SC03&program_code=T2000-0093&program_id=PS-2015217225-01-000&section_code=05&broadcast_complete_yn=N,http://www.kbs.co.kr/index.html?source=smr&sname=vod&stype=vod&contents_id=K01_PS-2015217225-01-000_SC02&program_code=T2000-0093&program_id=PS-2015217225-01-000&section_code=05&broadcast_complete_yn=N,http://www.kbs.co.kr/index.html?source=smr&sname=vod&stype=vod&contents_id=K01_PS-2015217225-01-000_SC01&program_code=T2000-0093&program_id=PS-2015217225-01-000&section_code=05&broadcast_complete_yn=N","","","https://tv.naver.com/v/659990?query=%EC%84%B1%EB%82%A8%EB%82%A8%ED%95%9C%EC%82%B0%EC%84%B1%EC%8B%9C%EC%9E%A5&plClips=false:659990:20250646:20054080:18314954:19238280:660001:19958446:660063:19843603:21330887:20982846:17942709:11705271:20210747:20344141:11705266:13474932:12524518:11705197:11686531:9600690:13401586:13041962:13042681:11742950:13371456:11580946:9308017:11570849:13184596:13296122:13184720:13042713:13004366:11452946:13262786:11416984:11354831:11570075:11507470,https://tv.naver.com/v/660001?query=%EC%84%B1%EB%82%A8%EB%82%A8%ED%95%9C%EC%82%B0%EC%84%B1%EC%8B%9C%EC%9E%A5&plClips=false:659990:20250646:20054080:18314954:19238280:660001:19958446:660063:19843603:21330887:20982846:17942709:11705271:20210747:20344141:11705266:13474932:12524518:11705197:11686531:9600690:13401586:13041962:13042681:11742950:13371456:11580946:9308017:11570849:13184596:13296122:13184720:13042713:13004366:11452946:13262786:11416984:11354831:11570075:11507470,https://tv.naver.com/v/660063?query=%EC%84%B1%EB%82%A8%EB%82%A8%ED%95%9C%EC%82%B0%EC%84%B1%EC%8B%9C%EC%9E%A5&plClips=false:659990:20250646:20054080:18314954:19238280:660001:19958446:660063:19843603:21330887:20982846:17942709:11705271:20210747:20344141:11705266:13474932:12524518:11705197:11686531:9600690:13401586:13041962:13042681:11742950:13371456:11580946:9308017:11570849:13184596:13296122:13184720:13042713:13004366:11452946:13262786:11416984:11354831:11570075:11507470,https://tv.naver.com/v/659990?query=%EC%84%B1%EB%82%A8%EB%82%A8%ED%95%9C%EC%82%B0%EC%84%B1%EC%8B%9C%EC%9E%A5&plClips=false:659990:20250646:20054080:18314954:19238280:660001:19958446:660063:19843603:21330887:20982846:17942709:11705271:20210747:20344141:11705266:13474932:12524518:11705197:11686531:9600690:13401586:13041962:13042681:11742950:13371456:11580946:9308017:11570849:13184596:13296122:13184720:13042713:13004366:11452946:13262786:11416984:11354831:11570075:11507470,https://tv.naver.com/v/660001?query=%EC%84%B1%EB%82%A8%EB%82%A8%ED%95%9C%EC%82%B0%EC%84%B1%EC%8B%9C%EC%9E%A5&plClips=false:659990:20250646:20054080:18314954:19238280:660001:19958446:660063:19843603:21330887:20982846:17942709:11705271:20210747:20344141:11705266:13474932:12524518:11705197:11686531:9600690:13401586:13041962:13042681:11742950:13371456:11580946:9308017:11570849:13184596:13296122:13184720:13042713:13004366:11452946:13262786:11416984:11354831:11570075:11507470,https://tv.naver.com/v/660063?query=%EC%84%B1%EB%82%A8%EB%82%A8%ED%95%9C%EC%82%B0%EC%84%B1%EC%8B%9C%EC%9E%A5&plClips=false:659990:20250646:20054080:18314954:19238280:660001:19958446:660063:19843603:21330887:20982846:17942709:11705271:20210747:20344141:11705266:13474932:12524518:11705197:11686531:9600690:13401586:13041962:13042681:11742950:13371456:11580946:9308017:11570849:13184596:13296122:13184720:13042713:13004366:11452946:13262786:11416984:11354831:11570075:11507470","https://tv.kakao.com//channel/2653341/cliplink/300031060,https://tv.kakao.com//channel/2653341/cliplink/300031166,https://tv.kakao.com//channel/2653341/cliplink/300031165"
"KC603PO20N000000026","은행시장","경기도","성남시 중원구","4113310400","은행동","4113356000","은행2동","41","경기도 성남시 중원구 산성대로 526","13157","다사703398","37.4575855","127.1644853","상설장","-","54.0","농산물,축산물,가공식품,의류 및 신발,가정용품,기타소매업,근린생활서비스","온누리+지역사랑상품권","http://koung1709.modoo.at/","Y","Y","2014","","215975.0","14.0","1503.0","144.0","KC_603_TRD_MART_CTL_STATN_BIZAEA_2020","20210201","http://www.kbs.co.kr/index.html?source=smr&sname=vod&stype=vod&contents_id=K01_PS-2020218248-01-000_MFSC1&program_code=T2000-0093&program_id=PS-2020218248-01-000&section_code=05&broadcast_complete_yn=N,http://www.kbs.co.kr/index.html?source=smr&sname=vod&stype=vod&contents_id=K01_PS-2020169735-01-000_MFSC1&program_code=T2000-0093&program_id=PS-2020169735-01-000&section_code=05&broadcast_complete_yn=N","http://playvod.imbc.com/Vod/ClipPlay?broadcastId=1000835101406100004,http://playvod.imbc.com/Vod/ClipPlay?broadcastId=1000835101406100007,http://playvod.imbc.com/Vod/ClipPlay?broadcastId=1000835101406100006,http://playvod.imbc.com/Vod/ClipPlay?broadcastId=1000835101406100005,http://playvod.imbc.com/Vod/ClipPlay?broadcastId=1000835101406100008,http://playvod.imbc.com/Vod/ClipPlay?broadcastId=1000835101406100009,http://playvod.imbc.com/Vod/ClipPlay?broadcastId=1000835101406100002,http://playvod.imbc.com/Vod/ClipPlay?broadcastId=1000835101406100001,http://playvod.imbc.com/Vod/ClipPlay?broadcastId=1000835101406100003","","https://tv.naver.com/v/11375442?query=%EC%9D%80%ED%96%89%EC%8B%9C%EC%9E%A5&plClips=false:11375442:9732066:18582367:3193178:21936150:21829261:18920129:19302091:20991914:19238280:21942426:20560749:17860982:19111449:20806111:20804621:19843126:21355788:17468806:18783968:21512349:12084648:18294178:14626656:17151430:20529805:5050322:21332823:21802636:21330306:5377228:12899390:22015415:19494458:22008073:21853479:21914749:21944519:9075811:21261733,https://tv.naver.com/v/11375442?query=%EC%9D%80%ED%96%89%EC%8B%9C%EC%9E%A5&plClips=false:11375442:9732066:18582367:3193178:21936150:21829261:18920129:19302091:20991914:19238280:21942426:20560749:17860982:19111449:20806111:20804621:19843126:21355788:17468806:18783968:21512349:12084648:18294178:14626656:17151430:20529805:5050322:21332823:21802636:21330306:5377228:12899390:22015415:19494458:22008073:21853479:21914749:21944519:9075811:21261733",""
"KC603PO20N000000027","도일시장","경기도","시흥시","4139012700","거모동","4139058100","군자동","41","경기도 시흥시 도일로 100-4","15069","다사365269","37.3393902","126.7840607","상설장+5일장","5일","54.0","농산물,가공식품,의류 및 신발,가정용품,음식점업,기타소매업,근린생활서비스","온누리+지역사랑상품권","","Y","N","","","497925.0","4.0","332.0","1500.0","KC_603_TRD_MART_CTL_STATN_BIZAEA_2020","20210201","http://www.kbs.co.kr/index.html?source=smr&sname=vod&stype=vod&contents_id=K01_PS-2021104456-01-000_MFSC4&program_code=T2007-0188&program_id=PS-2021104456-01-000&section_code=05&broadcast_complete_yn=N,http://www.kbs.co.kr/index.html?source=smr&sname=vod&stype=vod&contents_id=K01_PS-2021104456-01-000_MFSC2&program_code=T2007-0188&program_id=PS-2021104456-01-000&section_code=05&broadcast_complete_yn=N,http://www.kbs.co.kr/index.html?source=smr&sname=vod&stype=vod&contents_id=K01_PS-2021104456-01-000_MFSC3&program_code=T2007-0188&program_id=PS-2021104456-01-000&section_code=05&broadcast_complete_yn=N,http://www.kbs.co.kr/index.html?source=smr&sname=vod&stype=vod&contents_id=K01_PS-2021104456-01-000_MFSC1&program_code=T2007-0188&program_id=PS-2021104456-01-000&section_code=05&broadcast_complete_yn=N,http://www.kbs.co.kr/index.html?source=smr&sname=vod&stype=vod&contents_id=K01_PS-2021098987-01-000_MFSC1&program_code=T2018-0429&program_id=PS-2021098987-01-000&section_code=05&broadcast_complete_yn=N,http://www.kbs.co.kr/index.html?source=smr&sname=vod&stype=vod&contents_id=K01_PS-2021104456-01-000_MFSC4&program_code=T2007-0188&program_id=PS-2021104456-01-000&section_code=05&broadcast_complete_yn=N,http://www.kbs.co.kr/index.html?source=smr&sname=vod&stype=vod&contents_id=K01_PS-2021104456-01-000_MFSC2&program_code=T2007-0188&program_id=PS-2021104456-01-000&section_code=05&broadcast_complete_yn=N,http://www.kbs.co.kr/index.html?source=smr&sname=vod&stype=vod&contents_id=K01_PS-2021104456-01-000_MFSC3&program_code=T2007-0188&program_id=PS-2021104456-01-000&section_code=05&broadcast_complete_yn=N,http://www.kbs.co.kr/index.html?source=smr&sname=vod&stype=vod&contents_id=K01_PS-2021104456-01-000_MFSC1&program_code=T2007-0188&program_id=PS-2021104456-01-000&section_code=05&broadcast_complete_yn=N,http://www.kbs.co.kr/index.html?source=smr&sname=vod&stype=vod&contents_id=K01_PS-2021098987-01-000_MFSC1&program_code=T2018-0429&program_id=PS-2021098987-01-000&section_code=05&broadcast_complete_yn=N,http://www.kbs.co.kr/index.html?source=smr&sname=vod&stype=vod&contents_id=K01_PS-2021104456-01-000_MFSC4&program_code=T2007-0188&program_id=PS-2021104456-01-000&section_code=05&broadcast_complete_yn=N,http://www.kbs.co.kr/index.html?source=smr&sname=vod&stype=vod&contents_id=K01_PS-2021104456-01-000_MFSC2&program_code=T2007-0188&program_id=PS-2021104456-01-000&section_code=05&broadcast_complete_yn=N,http://www.kbs.co.kr/index.html?source=smr&sname=vod&stype=vod&contents_id=K01_PS-2021104456-01-000_MFSC3&program_code=T2007-0188&program_id=PS-2021104456-01-000&section_code=05&broadcast_complete_yn=N,http://www.kbs.co.kr/index.html?source=smr&sname=vod&stype=vod&contents_id=K01_PS-2021104456-01-000_MFSC1&program_code=T2007-0188&program_id=PS-2021104456-01-000&section_code=05&broadcast_complete_yn=N,http://www.kbs.co.kr/index.html?source=smr&sname=vod&stype=vod&contents_id=K01_PS-2021098987-01-000_MFSC1&program_code=T2018-0429&program_id=PS-2021098987-01-000&section_code=05&broadcast_complete_yn=N","","","",""
"KC603PO20N000000028","덕풍전통시장","경기도","하남시","4145010800","덕풍동","4145056000","덕풍3동","41","경기도 하남시 수리북로 22","12969","다사737491","37.5415387","127.2029190","상설장+5일장","5일","185.0","농산물,축산물,수산물,가공식품,의류 및 신발,가정용품,음식점업,기타소매업근린생활서비스","온누리+지역사랑상품권","","Y","Y","","","291075.0","3.0","409.0","712.0","KC_603_TRD_MART_CTL_STATN_BIZAEA_2020","20210201","http://www.kbs.co.kr/index.html?source=smr&sname=vod&stype=vod&contents_id=K01_PS-2018127804-01-000_SC02&program_code=T2000-0093&program_id=PS-2018127804-01-000&section_code=05&broadcast_complete_yn=N,http://www.kbs.co.kr/index.html?source=smr&sname=vod&stype=vod&contents_id=K01_PS-2018127804-01-000_SC03&program_code=T2000-0093&program_id=PS-2018127804-01-000&section_code=05&broadcast_complete_yn=N","","","https://tv.naver.com/v/3747458?query=%EB%8D%95%ED%92%8D%EC%A0%84%ED%86%B5%EC%8B%9C%EC%9E%A5&plClips=false:3747458:3747470:14121424:14121622:19652428:16767867:9253833:8424327:11849883:11104965:11104936,https://tv.naver.com/v/3747470?query=%EB%8D%95%ED%92%8D%EC%A0%84%ED%86%B5%EC%8B%9C%EC%9E%A5&plClips=false:3747458:3747470:14121424:14121622:19652428:16767867:9253833:8424327:11849883:11104965:11104936","https://tv.kakao.com//channel/2653341/cliplink/388530991,https://tv.kakao.com//channel/2653341/cliplink/388530946"
"KC603PO20N000000029","강화중앙시장(a동b동)","인천광역시","강화군","2871025021","강화읍","2871025000","강화읍","28","인천광역시 강화군 강화읍 중앙로 17-9","23027","다사112717","37.7414215","126.4928692","상설장","-","84.0","농산물,수산물,가공식품,의류 및 신발,가정용품,음식점업,기타소매업,근린생활서비스,","온누리+지역사랑상품권","","Y","Y","1981","","69074.0","6.0","866.0","80.0","KC_603_TRD_MART_CTL_STATN_BIZAEA_2020","20210201","","","","",""
"KC603PO20N000000030","수정시장","부산광역시","동구","2617010200","수정동","2617057000","수정2동","26","부산광역시 동구 고관로 106","48790","마라408825","35.1282584","129.0463919","상설장","-","53.0","축산물,수산물,가공식품,가정용품,음식점업,기타소매업,근린생활서비스","지역사랑상품권","","Y","Y","1979","","89031.0","20.0","7374.0","12.0","KC_603_TRD_MART_CTL_STATN_BIZAEA_2020","20210201","","","","https://tv.naver.com/v/8557182?query=%EC%88%98%EC%A0%95%EC%8B%9C%EC%9E%A5&plClips=false:16335425:15431964:9548210:8557182:13207282:11473832:21034548:19441287:16252850:19973236:19701046:19716790:19054823:18252940:4642864:14054688:18397267:18810800:4367132:10879380:9598296:19727593:12214189:12205579:13166263:19981774:13547053:18897930:13543149:11522883:21317818:19757028:3562341:5132101:11340077:20803900:21975181:20654087:13817160:22013814,https://tv.naver.com/v/8557182?query=%EC%88%98%EC%A0%95%EC%8B%9C%EC%9E%A5&plClips=false:16335425:15431964:9548210:8557182:13207282:11473832:21034548:19441287:16252850:19973236:19701046:19716790:19054823:18252940:4642864:14054688:18397267:18810800:4367132:10879380:9598296:19727593:12214189:12205579:13166263:19981774:13547053:18897930:13543149:11522883:21317818:19757028:3562341:5132101:11340077:20803900:21975181:20654087:13817160:22013814","https://tv.kakao.com//channel/2993678/cliplink/398895667"
"KC603PO20N000000031","종로신진시장","서울특별시","종로구","1111016300","종로5가","1111063000","종로5.6가동","11","서울특별시 종로구 종로36길 15(종로5가)","03197","다사562524","37.5702085","127.0040161","상설장","-","115.0","가공식품,의류 및 신발,음식점업,기타소매업,근린생활서비스","지역사랑상품권","","Y","N","","","149549.0","36.0","20299.0","7.0","KC_603_TRD_MART_CTL_STATN_BIZAEA_2020","20210201","http://www.kbs.co.kr/index.html?source=smr&sname=vod&stype=vod&contents_id=K01_PS-2020169737-01-000_MFSC1&program_code=T2000-0093&program_id=PS-2020169737-01-000&section_code=05&broadcast_complete_yn=N","http://playvod.imbc.com/Vod/ClipPlay?broadcastId=1003106101201100001","","https://tv.naver.com/v/11145414?query=%EC%A2%85%EB%A1%9C%EC%8B%A0%EC%A7%84%EC%8B%9C%EC%9E%A5&plClips=false:11145414:16458129:21902224:4871693:11145535:21902254:11145338:12960710:12960723:21902272:12998672:8844182:5477399:5460226:5461167:12997136:5089014:5466470:5462602:2368331,https://tv.naver.com/v/16458129?query=%EC%A2%85%EB%A1%9C%EC%8B%A0%EC%A7%84%EC%8B%9C%EC%9E%A5&plClips=false:11145414:16458129:21902224:4871693:11145535:21902254:11145338:12960710:12960723:21902272:12998672:8844182:5477399:5460226:5461167:12997136:5089014:5466470:5462602:2368331,https://tv.naver.com/v/11145535?query=%EC%A2%85%EB%A1%9C%EC%8B%A0%EC%A7%84%EC%8B%9C%EC%9E%A5&plClips=false:11145414:16458129:21902224:4871693:11145535:21902254:11145338:12960710:12960723:21902272:12998672:8844182:5477399:5460226:5461167:12997136:5089014:5466470:5462602:2368331,https://tv.naver.com/v/11145338?query=%EC%A2%85%EB%A1%9C%EC%8B%A0%EC%A7%84%EC%8B%9C%EC%9E%A5&plClips=false:11145414:16458129:21902224:4871693:11145535:21902254:11145338:12960710:12960723:21902272:12998672:8844182:5477399:5460226:5461167:12997136:5089014:5466470:5462602:2368331","https://tv.kakao.com//channel/2653341/cliplink/413616462,https://tv.kakao.com//channel/2653197/cliplink/404157639,https://tv.kakao.com//channel/2653197/cliplink/404156460,https://tv.kakao.com//channel/2653197/cliplink/404156418"
"KC603PO20N000000032","남양시장","경기도","화성시","4159026221","남양읍","4159026200","남양읍","41","경기도 화성시 남양읍 남양시장로 61일원","18258","다사393124","37.2090267","126.8161096","상설장+5일장","5일","404.0","농산물,축산물,수산물,가공식품,의류 및 신발,가정용품,음식점업,기타소매업근린생활서비스","지역사랑상품권","","Y","Y","1935","","853106.0","6.0","2289.0","373.0","KC_603_TRD_MART_CTL_STATN_BIZAEA_2020","20210201","http://www.kbs.co.kr/index.html?source=smr&sname=vod&stype=vod&contents_id=K01_PS-2017014407-01-000_SC02&program_code=T2000-0093&program_id=PS-2017014407-01-000&section_code=05&broadcast_complete_yn=N,http://www.kbs.co.kr/index.html?source=smr&sname=vod&stype=vod&contents_id=K01_PS-2017014407-01-000_SC01&program_code=T2000-0093&program_id=PS-2017014407-01-000&section_code=05&broadcast_complete_yn=N","","","",""
"KC603PO20N000000033","양재시장","서울특별시","서초구","1165010200","양재동","1165065100","양재1동","11","서울특별시 서초구 남부순환로356길 15(양재동)","06738","다사591428","37.4843108","127.0379660","상설장","-","31.0","축산물,가공식품,의류 및 신발,음식점업,기타소매업,근린생활서비스,","지역사랑상품권","","Y","N","1981","","425431.0","4.0","185.0","2300.0","KC_603_TRD_MART_CTL_STATN_BIZAEA_2020","20210201","","","","https://tv.naver.com/v/413823?query=%EC%96%91%EC%9E%AC%EC%8B%9C%EC%9E%A5&plClips=false:19573305:19053654:15528334:21936802:5763757:9074112:20298657:411662:17859199:20373925:3522780:17250479:11106292:15988981:13675999:19573762:3233551:4580440:4816695:19477452:18509662:413823:16572097:3426562:3101080:1695828:4955608:16572026:17455320:17454975:13303199:11602910:11822347:12591878:12436148:21697221:3264663:3459456:18489873:1630978,https://tv.naver.com/v/413823?query=%EC%96%91%EC%9E%AC%EC%8B%9C%EC%9E%A5&plClips=false:19573305:19053654:15528334:21936802:5763757:9074112:20298657:411662:17859199:20373925:3522780:17250479:11106292:15988981:13675999:19573762:3233551:4580440:4816695:19477452:18509662:413823:16572097:3426562:3101080:1695828:4955608:16572026:17455320:17454975:13303199:11602910:11822347:12591878:12436148:21697221:3264663:3459456:18489873:1630978",""
"KC603PO20N000000034","인동시장","경상북도","구미시","4719012100","황상동","4719067000","인동동","47","경상북도 구미시 인동중앙로5길 16-3","39430","라마828905","36.1081977","128.4209296","상설장+5일장","5일","126.0","수산물,가공식품,의류 및 신발,가정용품,음식점업,기타소매업,근린생활서비스","온누리+지역사랑상품권","","Y","Y","1989","","416279.0","33.0","5256.0","79.0","KC_603_TRD_MART_CTL_STATN_BIZAEA_2020","20210201","http://www.kbs.co.kr/index.html?source=smr&sname=vod&stype=vod&contents_id=K02_LS-20151228141633-01-000_0614-SC03&program_code=T2007-0188&program_id=PS-2015094095-01-000&section_code=05&broadcast_complete_yn=N","","","","https://tv.kakao.com//channel/2653446/cliplink/300035565"
"KC603PO20N000000035","양곡종합상가","경상남도","창원시 성산구","4812312300","신촌동","4812357000","웅남동","48","경상남도 창원시 성산구 신촌로 102","51564","마라027900","35.2008511","128.6283290","상설장","-","94.0","농산물,가공식품,음식점업,기타소매업,근린생활서비스","지역사랑상품권","","Y","Y","","","215143.0","19.0","2837.0","76.0","KC_603_TRD_MART_CTL_STATN_BIZAEA_2020","20210201","","","","",""
"KC603PO20N000000036","해남읍5일시장","전라남도","해남군","4682025021","해남읍","4682025000","해남읍","46","전라남도 해남군 해남읍 중앙2로 76","59041","다라171197","34.5687850","126.5971566","5일장","5일","178.0","농산물,축산물,수산물,가공식품,의류 및 신발,가정용품,음식점업,기타소매업근린생활서비스","지역사랑상품권","","Y","Y","1964","","68966.0","20.0","1418.0","49.0","KC_603_TRD_MART_CTL_STATN_BIZAEA_2020","20210201","","","","",""
"KC603PO20N000000037","양동복개상가","광주광역시","서구","2914010400","양동","2914057500","양동","29","광주광역시 서구 양동 천변좌로 243","61924","다라457844","35.1535989","126.9039282","상설장","-","253.0","축산물,의류 및 신발,가정용품,음식점업,기타소매업,근린생활서비스,","온누리+지역사랑상품권","","Y","Y","","","297214.0","17.0","2392.0","124.0","KC_603_TRD_MART_CTL_STATN_BIZAEA_2020","20210201","","","","",""
"KC603PO20N000000038","북마산중앙시장","경상남도","창원시 마산합포구","4812511900","상남동","4812561000","교방동","48","경상남도 창원시 마산합포구 상남시장로 3","51273","라라974917","35.2160354","128.5711735","상설장","-","257.0","농산물,축산물,수산물,가공식품,의류 및 신발,가정용품,음식점업,기타소매업근린생활서비스","지역사랑상품권","","Y","N","","","174933.0","20.0","4773.0","37.0","KC_603_TRD_MART_CTL_STATN_BIZAEA_2020","20210201","","","","",""
"KC603PO20N000000039","대림골목시장","서울특별시","은평구","1138010700","응암동","1138060000","응암3동","11","서울특별시 은평구 응암로 12길 8","03478","다사485544","37.5879137","126.9175082","상설장","-","100.0","농산물,축산물,수산물,가공식품,의류 및 신발,가정용품,기타소매업","온누리+지역사랑상품권","","Y","N","","","480617.0","16.0","1150.0","418.0","KC_603_TRD_MART_CTL_STATN_BIZAEA_2020","20210201","","","","",""
"KC603PO20N000000040","강화터미널상가","인천광역시","강화군","2871025021","강화읍","2871025000","강화읍","28","인천광역시 강화군 남산리 중앙로 43","23037","다사110716","37.7397767","126.4904067","상설장","-","112.0","축산물,가공식품,의류 및 신발,가정용품,음식점업,기타소매업,근린생활서비스","온누리+지역사랑상품권","","Y","Y","1994","","69074.0","6.0","866.0","80.0","KC_603_TRD_MART_CTL_STATN_BIZAEA_2020","20210201","","","","",""
"KC603PO20N000000041","망미종합시장","부산광역시","수영구","2650010100","망미동","2650074000","망미1동","26","부산광역시 수영구 연수로310번길 16","48235","마라460874","35.1718024","129.1035626","상설장","-","143.0","농산물,축산물,수산물,가공식품,가정용품,음식점업,기타소매업,근린생활서비스,","지역사랑상품권","","Y","N","1978","","176885.0","38.0","2851.0","62.0","KC_603_TRD_MART_CTL_STATN_BIZAEA_2020","20210201","","","","",""
"KC603PO20N000000042","광영상설시장","전라남도","광양시","4623010800","광영동","4623054000","광영동","46","전라남도 광양시 광영동 광영시장길 19","57721","라라201629","34.9614459","127.7203697","상설장","-","41.0","농산물,축산물,수산물,가공식품,음식점업,기타소매업,","온누리+지역사랑상품권","","Y","Y","1987","","150680.0","11.0","831.0","181.0","KC_603_TRD_MART_CTL_STATN_BIZAEA_2020","20210201","","","","",""
"KC603PO20N000000043","신촌시장","경상남도","창원시 의창구","4812131021","북면","4812131000","북면","48","경상남도 창원시 의창구 북면 천주로 1144-8","51103","마마007067","35.3516732","128.6087931","5일장","매일","36.0","농산물, 생필품","","","Y","Y","1920","0552124413","262743.0","18.0","1587.0","166.0","KC_603_TRD_MART_CTL_STATN_BIZAEA_2020","20210201","","","","",""
"KC603PO20N000000044","가술시장","경상남도","창원시 의창구","4812132021","대산면","4812132000","대산면","48","경상남도 창원시 의창구 대산면 가술길1번길 6-1","51124","마마097049","35.3344350","128.7072948","5일장","1일+6일","","농산물","","","Y","Y","1929","0552124413","262743.0","18.0","1587.0","166.0","KC_603_TRD_MART_CTL_STATN_BIZAEA_2020","20210201","","","","",""
"KC603PO20N000000045","소계시장","경상남도","창원시 의창구","4812110700","소계동","4812151000","의창동","48","경상남도 창원시 의창구 소계로 83-6(소계동)","51183","라라999962","35.2567588","128.5989657","상설장","매일","62.0","생필품","온누리상품권","","Y","N","1984","0552560285","262743.0","18.0","1587.0","166.0","KC_603_TRD_MART_CTL_STATN_BIZAEA_2020","20210201","","","","",""
"KC603PO20N000000046","소계옛길시장","경상남도","창원시 의창구","4812110700","소계동","4812151000","의창동","48","경상남도 창원시 의창구 소계로 93-5(소계동)","51183","라라999963","35.2572629","128.5985122","상설장","매일","53.0","즉석식품, 농산물, 생필품","온누리상품권","","N","N","2015","0552521020","262743.0","18.0","1587.0","166.0","KC_603_TRD_MART_CTL_STATN_BIZAEA_2020","20210201","","","","",""
"KC603PO20N000000047","북동공설시장","경상남도","창원시 의창구","4812110100","북동","4812151000","의창동","48","경상남도 창원시 의창구 의안로 49번길 30(북동)","51196","마라019973","35.2661806","128.6206956","상설장","매일","30.0","약초, 중탕, 떡등","","","Y","Y","2001","0552993108","262743.0","18.0","1587.0","166.0","KC_603_TRD_MART_CTL_STATN_BIZAEA_2020","20210201","","","","",""
"KC603PO20N000000048","소답시장","경상남도","창원시 의창구","4812110100","북동","4812151000","의창동","48","경상남도 창원시 의창구 읍성로 33번길 8(북동)","51198","마라019972","35.2656394","128.6212757","상설장","매일+2일+7일","68.0","농산물, 생필품","온누리상품권","","Y","Y","2012","0552533384","262743.0","18.0","1587.0","166.0","KC_603_TRD_MART_CTL_STATN_BIZAEA_2020","20210201","http://www.kbs.co.kr/index.html?source=smr&sname=vod&stype=vod&contents_id=K02_PS-2020217491-01-000_MFSC3&program_code=T2014-0844&program_id=PS-2020217491-01-000&section_code=05&broadcast_complete_yn=N","","","",""
"KC603PO20N000000049","대동중앙상가","경상남도","창원시 의창구","4812112900","팔용동","4812152000","팔룡동","48","경상남도 창원시 의창구 반계로 105(팔용동)","51373","마라015960","35.2545606","128.6165949","상설장","매일","49.0","생필품","온누리상품권","","Y","N","1993","0552989070","262743.0","18.0","1587.0","166.0","KC_603_TRD_MART_CTL_STATN_BIZAEA_2020","20210201","","","","",""
"KC603PO20N000000050","창원기계공구상가","경상남도","창원시 의창구","4812112900","팔용동","4812152000","팔룡동","48","경상남도 창원시 의창구 창원대로 400(팔용동)","51401","마라038937","35.2337675","128.6410782","상설장","매일","215.0","기계, 공구","온누리상품권","","Y","Y","1993","0552380598","262743.0","18.0","1587.0","166.0","KC_603_TRD_MART_CTL_STATN_BIZAEA_2020","20210201","","","","",""
"KC603PO20N000000051","명곡종합상가","경상남도","창원시 의창구","4812112400","명서동","4812153000","명곡동","48","경상남도 창원시 의창구 명서로 116번길 20(명서동)","51174","마라042953","35.2484874","128.6462193","상설장","매일","129.0","생필품","온누리상품권","","Y","Y","1995","0552737234","262743.0","18.0","1587.0","166.0","KC_603_TRD_MART_CTL_STATN_BIZAEA_2020","20210201","","","","",""
"KC603PO20N000000052","명서시장","경상남도","창원시 의창구","4812112400","명서동","4812153000","명곡동","48","경상남도 창원시 의창구 원이대로 189번길 37-3(명서동)","51174","마라042954","35.2494451","128.6459745","상설장","매일","185.0","먹거리, 떡, 생필품","온누리상품권","","Y","Y","2005","0552653536","262743.0","18.0","1587.0","166.0","KC_603_TRD_MART_CTL_STATN_BIZAEA_2020","20210201","http://www.kbs.co.kr/index.html?source=smr&sname=vod&stype=vod&contents_id=K01_PS-2021041899-01-000_MFSC1&program_code=T2000-0093&program_id=PS-2021041899-01-000&section_code=05&broadcast_complete_yn=N,http://www.kbs.co.kr/index.html?source=smr&sname=vod&stype=vod&contents_id=K01_PS-2021055488-01-000_MFSC1&program_code=T2018-0429&program_id=PS-2021055488-01-000&section_code=05&broadcast_complete_yn=N","","","https://tv.naver.com/v/19503574?query=%EB%AA%85%EC%84%9C%EC%8B%9C%EC%9E%A5&plClips=false:19503574:17274262:21008082:18383632:20464927:18180968:20614325:19815294:19880688:16736564:19691775:17437387:20084323:19890455:18764207:18712472:18887959:18772908:19227137:14315502:15050761:10741193:13936213:13924021:13809655:13807571:9948600:13691721:17172973:11993908:14351256:13422330:14834098:11973816:13982910:15714028:14218044:10651550:10831664:13796568,https://tv.naver.com/v/19503574?query=%EB%AA%85%EC%84%9C%EC%8B%9C%EC%9E%A5&plClips=false:19503574:17274262:21008082:18383632:20464927:18180968:20614325:19815294:19880688:16736564:19691775:17437387:20084323:19890455:18764207:18712472:18887959:18772908:19227137:14315502:15050761:10741193:13936213:13924021:13809655:13807571:9948600:13691721:17172973:11993908:14351256:13422330:14834098:11973816:13982910:15714028:14218044:10651550:10831664:13796568","https://tv.kakao.com//channel/2653341/cliplink/418136550"
"KC603PO20N000000053","창원도계부부시장","경상남도","창원시 의창구","4812110500","도계동","4812153000","명곡동","48","경상남도 창원시 의창구 원이대로 69번길 20(도계동)","51167","마라034963","35.2572148","128.6371392","상설장","매일","107.0","먹거리, 떡, 생필품","온누리상품권","","Y","N","2007","07041138921","262743.0","18.0","1587.0","166.0","KC_603_TRD_MART_CTL_STATN_BIZAEA_2020","20210201","http://www.kbs.co.kr/index.html?source=smr&sname=vod&stype=vod&contents_id=K01_PS-2020071465-01-000_SC01&program_code=T2000-0093&program_id=PS-2020071465-01-000&section_code=05&broadcast_complete_yn=N","","","https://tv.naver.com/v/13911698?query=%EC%B0%BD%EC%9B%90%EB%8F%84%EA%B3%84%EB%B6%80%EB%B6%80%EC%8B%9C%EC%9E%A5&plClips=false:21971568:18952803:16735585:11101229:13911698:20333312:9578684:5370415:21971386:17909880:11848207:16735740:20326090:4660638:11111633:11119166:12056204:13432858:11848341:11119642:11118823:11120145:11119874:15185304:15185519:15185437:15185240:11848238:11111662:11848369:15185278:11111204:11848277:11111472:11118590:11848312:11110382:12234321:11620635:11620713,https://tv.naver.com/v/9578684?query=%EC%B0%BD%EC%9B%90%EB%8F%84%EA%B3%84%EB%B6%80%EB%B6%80%EC%8B%9C%EC%9E%A5&plClips=false:21971568:18952803:16735585:11101229:13911698:20333312:9578684:5370415:21971386:17909880:11848207:16735740:20326090:4660638:11111633:11119166:12056204:13432858:11848341:11119642:11118823:11120145:11119874:15185304:15185519:15185437:15185240:11848238:11111662:11848369:15185278:11111204:11848277:11111472:11118590:11848312:11110382:12234321:11620635:11620713,https://tv.naver.com/v/4660638?query=%EC%B0%BD%EC%9B%90%EB%8F%84%EA%B3%84%EB%B6%80%EB%B6%80%EC%8B%9C%EC%9E%A5&plClips=false:21971568:18952803:16735585:11101229:13911698:20333312:9578684:5370415:21971386:17909880:11848207:16735740:20326090:4660638:11111633:11119166:12056204:13432858:11848341:11119642:11118823:11120145:11119874:15185304:15185519:15185437:15185240:11848238:11111662:11848369:15185278:11111204:11848277:11111472:11118590:11848312:11110382:12234321:11620635:11620713,https://tv.naver.com/v/13911698?query=%EC%B0%BD%EC%9B%90%EB%8F%84%EA%B3%84%EB%B6%80%EB%B6%80%EC%8B%9C%EC%9E%A5&plClips=false:21971568:18952803:16735585:11101229:13911698:20333312:9578684:5370415:21971386:17909880:11848207:16735740:20326090:4660638:11111633:11119166:12056204:13432858:11848341:11119642:11118823:11120145:11119874:15185304:15185519:15185437:15185240:11848238:11111662:11848369:15185278:11111204:11848277:11111472:11118590:11848312:11110382:12234321:11620635:11620713,https://tv.naver.com/v/9578684?query=%EC%B0%BD%EC%9B%90%EB%8F%84%EA%B3%84%EB%B6%80%EB%B6%80%EC%8B%9C%EC%9E%A5&plClips=false:21971568:18952803:16735585:11101229:13911698:20333312:9578684:5370415:21971386:17909880:11848207:16735740:20326090:4660638:11111633:11119166:12056204:13432858:11848341:11119642:11118823:11120145:11119874:15185304:15185519:15185437:15185240:11848238:11111662:11848369:15185278:11111204:11848277:11111472:11118590:11848312:11110382:12234321:11620635:11620713,https://tv.naver.com/v/4660638?query=%EC%B0%BD%EC%9B%90%EB%8F%84%EA%B3%84%EB%B6%80%EB%B6%80%EC%8B%9C%EC%9E%A5&plClips=false:21971568:18952803:16735585:11101229:13911698:20333312:9578684:5370415:21971386:17909880:11848207:16735740:20326090:4660638:11111633:11119166:12056204:13432858:11848341:11119642:11118823:11120145:11119874:15185304:15185519:15185437:15185240:11848238:11111662:11848369:15185278:11111204:11848277:11111472:11118590:11848312:11110382:12234321:11620635:11620713","https://tv.kakao.com//channel/2653341/cliplink/409225223,https://tv.kakao.com//channel/2993678/cliplink/401363047"
"KC603PO20N000000054","봉곡프라자상가","경상남도","창원시 의창구","4812112700","봉곡동","4812154000","봉림동","48","경상남도 창원시 의창구 창이대로 205번길 5(봉곡동)","51181","마라054950","35.2454396","128.6595184","상설장","매일","82.0","생필품","온누리상품권","","Y","Y","1994","0552651237","262743.0","18.0","1587.0","166.0","KC_603_TRD_MART_CTL_STATN_BIZAEA_2020","20210201","","","","",""
"KC603PO20N000000055","봉곡시장","경상남도","창원시 의창구","4812112700","봉곡동","4812154000","봉림동","48","경상남도 창원시 의창구 봉곡로 111번길 12(봉곡동)","51147","마라066952","35.2470516","128.6717126","상설장","매일","151.0","생필품, 과일, 생선","온누리상품권","","Y","N","1994","0552671500","262743.0","18.0","1587.0","166.0","KC_603_TRD_MART_CTL_STATN_BIZAEA_2020","20210201","","","","",""
"KC603PO20N000000056","지귀상가","경상남도","창원시 의창구","4812112700","봉곡동","4812154000","봉림동","48","경상남도 창원시 의창구 창이대로 197번길 10-6(봉곡동)","51181","마라054950","35.2453414","128.6591002","상설장","매일","56.0","생필품","","","Y","N","2014","0552880865","262743.0","18.0","1587.0","166.0","KC_603_TRD_MART_CTL_STATN_BIZAEA_2020","20210201","","","","",""
"KC603PO20N000000057","지귀시장","경상남도","창원시 의창구","4812112700","봉곡동","4812154000","봉림동","48","경상남도 창원시 의창구 지귀로 119번길 6(봉곡동)","51181","마라054950","35.2456837","128.6588332","상설장","매일+1일+6일","67.0","생필품, 과일, 생선","온누리상품권","","Y","N","2014","0552376400","262743.0","18.0","1587.0","166.0","KC_603_TRD_MART_CTL_STATN_BIZAEA_2020","20210201","","","","",""
"KC603PO20N000000058","롯데종합상가","경상남도","창원시 의창구","4812112800","용호동","4812155000","용지동","48","경상남도 창원시 의창구 용지로 225(용호동)","51431","마라078938","35.2340375","128.6854320","상설장","매일","66.0","생필품","","","Y","Y","1985","0552813705","262743.0","18.0","1587.0","166.0","KC_603_TRD_MART_CTL_STATN_BIZAEA_2020","20210201","","","","",""
"KC603PO20N000000059","토월복합상가시장","경상남도","창원시 의창구","4812112600","신월동","4812155000","용지동","48","경상남도 창원시 의창구 신월로 42(신월동)","51442","마라084931","35.2280369","128.6919388","상설장","매일","180.0","생필품","온누리상품권","","Y","Y","1992","0552845079","262743.0","18.0","1587.0","166.0","KC_603_TRD_MART_CTL_STATN_BIZAEA_2020","20210201","","","","",""
"KC603PO20N000000060","정우상가","경상남도","창원시 의창구","4812112800","용호동","4812155000","용지동","48","경상남도 창원시 의창구 원이대로 587(용호동)","51436","마라073931","35.2284140","128.6794813","상설장","매일","51.0","생필품","","","Y","N","2014","0552876101","262743.0","18.0","1587.0","166.0","KC_603_TRD_MART_CTL_STATN_BIZAEA_2020","20210201","","","","",""
"KC603PO20N000000061","대동그린코아상가","경상남도","창원시 성산구","4812312400","반지동","4812351000","반송동","48","경상남도 창원시 성산구 창원천로 288(반지동)","51423","마라064950","35.2452763","128.6697579","상설장","매일","68.0","생필품","온누리상품권","","Y","Y","1991","0552770999","215143.0","19.0","2837.0","76.0","KC_603_TRD_MART_CTL_STATN_BIZAEA_2020","20210201","","","","",""
"KC603PO20N000000062","반송시장","경상남도","창원시 성산구","4812312600","반림동","4812351000","반송동","48","경상남도 창원시 성산구 원이대로473번길 20-11(반림동)","51426","마라065939","35.2351339","128.6710497","상설장","매일","205.0","생필품, 과일, 생선 등","온누리상품권","","Y","Y","2005","0552750449","215143.0","19.0","2837.0","76.0","KC_603_TRD_MART_CTL_STATN_BIZAEA_2020","20210201","","","","",""
"KC603PO20N000000063","중앙시장","경상남도","창원시 성산구","4812312500","중앙동","4812352000","중앙동","48","경상남도 창원시 성산구 외동반림로126번길 50(중앙동)","51516","마라070930","35.2272054","128.6760568","상설장","매일","35.0","먹거리","온누리상품권","","Y","Y","1980","0552827009","215143.0","19.0","2837.0","76.0","KC_603_TRD_MART_CTL_STATN_BIZAEA_2020","20210201","","http://playvod.imbc.com/Vod/ClipPlay?broadcastId=1003106101403100001,http://playvod.imbc.com/Vod/ClipPlay?broadcastId=1003106101403100002,http://playvod.imbc.com/Vod/ClipPlay?broadcastId=1003106101306100001,http://playvod.imbc.com/Vod/ClipPlay?broadcastId=1003106101262100001,http://playvod.imbc.com/Vod/ClipPlay?broadcastId=1003106101229100001,http://playvod.imbc.com/Vod/ClipPlay?broadcastId=1003106100552100001,http://playvod.imbc.com/Vod/ClipPlay?broadcastId=1003106100533100001,http://playvod.imbc.com/Vod/ClipPlay?broadcastId=1003106100490100002,http://playvod.imbc.com/Vod/ClipPlay?broadcastId=1003106100490100001,http://playvod.imbc.com/Vod/ClipPlay?broadcastId=1003106100460100002,http://playvod.imbc.com/Vod/ClipPlay?broadcastId=1003106100460100001","","https://tv.naver.com/v/18437645?query=%EC%B0%BD%EC%9B%90+%EC%A4%91%EC%95%99%EC%8B%9C%EC%9E%A5&plClips=false:18437645:19118648:21888669:21718033:3010210:18383632:17265783:20994422:9315161:22058114:19192296:14098863:18301959:21935154:16968947:21720550:14193760:17938520:20669056:20662759:20660258:20544844:16961973:14676802:18561497:21276883:21751045:21748908:21561161:19692572:21718476:19681729:21198176:19983056:18328422:19534582:14186964:20267856:15588459:14174609","https://tv.kakao.com//channel/2653341/cliplink/419835662,https://tv.kakao.com//channel/2653341/cliplink/414947236,https://tv.kakao.com//channel/2653341/cliplink/400837932"
"KC603PO20N000000064","동성올림픽타운","경상남도","창원시 성산구","4812312500","중앙동","4812352000","중앙동","48","경상남도 창원시 성산구 중앙대로 77(중앙동)","51522","마라071925","35.2222334","128.6777326","상설장","매일","87.0","먹거리","온누리상품권","","Y","Y","1993","0552685605","215143.0","19.0","2837.0","76.0","KC_603_TRD_MART_CTL_STATN_BIZAEA_2020","20210201","","","","",""
"KC603PO20N000000065","창원캔버라타운","경상남도","창원시 성산구","4812312500","중앙동","4812352000","중앙동","48","경상남도 창원시 성산구 중앙대로61번길 4(중앙동)","51522","마라071923","35.2212330","128.6768275","상설장","매일","115.0","먹거리","온누리상품권","","Y","Y","1993","0552685015","215143.0","19.0","2837.0","76.0","KC_603_TRD_MART_CTL_STATN_BIZAEA_2020","20210201","","","","",""
"KC603PO20N000000066","덕산그린피아상가","경상남도","창원시 성산구","4812312500","중앙동","4812352000","중앙동","48","경상남도 창원시 성산구 용지로 64(중앙동)","51522","마라070924","35.2216809","128.6760246","상설장","매일","74.0","생필품, 먹거리","온누리상품권","","Y","Y","1996","0552790045","215143.0","19.0","2837.0","76.0","KC_603_TRD_MART_CTL_STATN_BIZAEA_2020","20210201","","","","",""
"KC603PO20N000000067","경창상가","경상남도","창원시 성산구","4812312700","상남동","4812352000","중앙동","48","경상남도 창원시 성산구 상남로 67(상남동)","51504","마라073922","35.2201651","128.6793262","상설장","매일","73.0","생필품, 먹거리","온누리상품권","","Y","Y","1982","0552874404","215143.0","19.0","2837.0","76.0","KC_603_TRD_MART_CTL_STATN_BIZAEA_2020","20210201","","","","",""
"KC603PO20N000000068","창원코아상가","경상남도","창원시 성산구","4812312700","상남동","4812352000","중앙동","48","경상남도 창원시 성산구 상남로 71(상남동)","51504","마라073923","35.2204424","128.6795415","상설장","매일","134.0","생필품, 먹거리","온누리상품권","","Y","Y","1997","0552820435","215143.0","19.0","2837.0","76.0","KC_603_TRD_MART_CTL_STATN_BIZAEA_2020","20210201","","","","",""
"KC603PO20N000000069","성원그랜드쇼핑상가","경상남도","창원시 성산구","4812312700","상남동","4812353000","상남동","48","경상남도 창원시 성산구 동산로 124(상남동)","51499","마라084922","35.2193735","128.6915928","상설장","매일","543.0","생필품, 먹거리","온누리상품권","","Y","Y","1994","0552673196","215143.0","19.0","2837.0","76.0","KC_603_TRD_MART_CTL_STATN_BIZAEA_2020","20210201","","","","",""
"KC603PO20N000000070","상남시장","경상남도","창원시 성산구","4812312700","상남동","4812353000","상남동","48","경상남도 창원시 성산구 마디미로 28(상남동)","51496","마라076925","35.2222149","128.6833800","상설장","매일+4일+9일","554.0","생필품, 과일, 생선 등","온누리상품권","","Y","Y","2000","0552621494","215143.0","19.0","2837.0","76.0","KC_603_TRD_MART_CTL_STATN_BIZAEA_2020","20210201","http://www.kbs.co.kr/index.html?source=smr&sname=vod&stype=vod&contents_id=K02_PS-2018053871-01-000_SC00&program_code=T2007-0188&program_id=PS-2018053871-01-000&section_code=05&broadcast_complete_yn=N","","","",""
"KC603PO20N000000071","대방덕산1차상가","경상남도","창원시 성산구","4812310500","대방동","4812354000","사파동","48","경상남도 창원시 성산구 대정로 131(대방동)","51463","마라098915","35.2136190","128.7068915","상설장","매일","67.0","생필품, 먹거리","온누리상품권","","Y","Y","1992","0552848262","215143.0","19.0","2837.0","76.0","KC_603_TRD_MART_CTL_STATN_BIZAEA_2020","20210201","","","","",""
"KC603PO20N000000072","조암시장","경기도","화성시","4159025621","우정읍","4159025600","우정읍","41","경기도 화성시 우정읍 조암남로 8","18567","다바392983","37.0821980","126.8170415","상설장+5일장","5일","515.0","농산물,축산물,수산물,가공식품,의류 및 신발,가정용품,음식점업,기타소매업근린생활서비스","온누리+지역사랑상품권","","Y","Y","1929","","853106.0","6.0","2289.0","373.0","KC_603_TRD_MART_CTL_STATN_BIZAEA_2020","20210201","","","","",""
"KC603PO20N000000073","무주시장(반딧불장터)","전라북도","무주군","4573025021","무주읍","4573025000","무주읍","45","전라북도 무주군 무주읍 장터로 2","55509","라마138786","36.0046480","127.6535860","5일장","5일","46.0","농산물,축산물,수산물,가공식품,의류 및 신발,가정용품,음식점업,근린생활서비스,","지역사랑상품권","","Y","Y","1953","","24031.0","8.0","204.0","118.0","KC_603_TRD_MART_CTL_STATN_BIZAEA_2020","20210201","http://www.kbs.co.kr/index.html?source=smr&sname=vod&stype=vod&contents_id=K01_PS-2020106405-01-000_SC00&program_code=T2000-0093&program_id=PS-2020106405-01-000&section_code=05&broadcast_complete_yn=N","","","https://tv.naver.com/v/15051074?query=%EB%AC%B4%EC%A3%BC%EC%8B%9C%EC%9E%A5&plClips=false:18303809:18677763:21410895:10574503:18394189:5424489:737197:15051074:21410684:18721283:13971310:21411016:20750640:21408158:21408068:3311438:21196793:758381:16596745:16438298:15035985:22030815:8859446:21718569:9671664:16688093:21178809:21177587:21177346:21177860:19231004:20552573:20550069:19746090:13066501:20734040:747976:17242458:15900782:9224977,https://tv.naver.com/v/15051074?query=%EB%AC%B4%EC%A3%BC%EC%8B%9C%EC%9E%A5&plClips=false:18303809:18677763:21410895:10574503:18394189:5424489:737197:15051074:21410684:18721283:13971310:21411016:20750640:21408158:21408068:3311438:21196793:758381:16596745:16438298:15035985:22030815:8859446:21718569:9671664:16688093:21178809:21177587:21177346:21177860:19231004:20552573:20550069:19746090:13066501:20734040:747976:17242458:15900782:9224977","https://tv.kakao.com//channel/2653341/cliplink/411182436"
"KC603PO20N000000074","무풍시장(대덕산장터)","전라북도","무주군","4573031021","무풍면","4573031000","무풍면","45","전라북도 무주군 무풍면 현내로 213","55559","라마314748","35.9694532","127.8487939","상설장+5일장","5일","12.0","농산물,가공식품,음식점업,근린생활서비스,","지역사랑상품권","","Y","Y","1965","","24031.0","8.0","204.0","118.0","KC_603_TRD_MART_CTL_STATN_BIZAEA_2020","20210201","","","","",""
"KC603PO20N000000075","설천시장(삼도봉장터)","전라북도","무주군","4573032021","설천면","4573032000","설천면","45","전라북도 무주군 설천면 삼도봉로 11","55549","라마259792","36.0099046","127.7880190","상설장+5일장","5일","13.0","의류 및 신발,가정용품,음식점업,기타소매업,근린생활서비스","지역사랑상품권","","Y","Y","1988","","24031.0","8.0","204.0","118.0","KC_603_TRD_MART_CTL_STATN_BIZAEA_2020","20210201","","","","",""
"KC603PO20N000000076","안성시장(덕유산장터)","전라북도","무주군","4573034021","안성면","4573034000","안성면","45","전라북도 무주군 안성면 칠연로 37","55535","라마138633","35.8665673","127.6537555","상설장+5일장","5일","30.0","수산물,가공식품,의류 및 신발,가정용품,음식점업,기타소매업,근린생활서비스","지역사랑상품권","","Y","Y","1950","","24031.0","8.0","204.0","118.0","KC_603_TRD_MART_CTL_STATN_BIZAEA_2020","20210201","http://www.kbs.co.kr/index.html?source=smr&sname=vod&stype=vod&contents_id=K01_PS-2017166490-01-000_SC03&program_code=T2000-0093&program_id=PS-2017166490-01-000&section_code=05&broadcast_complete_yn=N,http://www.kbs.co.kr/index.html?source=smr&sname=vod&stype=vod&contents_id=K01_PS-2020201268-01-000_MFSC2&program_code=T2000-0093&program_id=PS-2020201268-01-000&section_code=05&broadcast_complete_yn=N,http://www.kbs.co.kr/index.html?source=smr&sname=vod&stype=vod&contents_id=K01_PS-2020121189-01-000_SC00&program_code=T2000-0093&program_id=PS-2020121189-01-000&section_code=05&broadcast_complete_yn=N,http://www.kbs.co.kr/index.html?source=smr&sname=vod&stype=vod&contents_id=K01_PS-2020154547-01-000_MFSC3&program_code=T2007-0188&program_id=PS-2020154547-01-000&section_code=05&broadcast_complete_yn=N","","","https://tv.naver.com/v/2205884?query=%EC%95%88%EC%84%B1%EC%8B%9C%EC%9E%A5&plClips=false:21031174:21471251:21180024:18852513:21697144:17768139:9827819:17872118:21727219:14770659:13366464:3287818:3682152:13010074:18303809:20261184:3372882:8603055:5424489:13163840:2205884:18820648:13560652:13014689:18875480:5147703:18900192:8436656:20757475:19506725:20344141:6004937:18886672:13157911:21474474:18852465:17772450:21129590:20876876:20793758,https://tv.naver.com/v/2205884?query=%EC%95%88%EC%84%B1%EC%8B%9C%EC%9E%A5&plClips=false:21031174:21471251:21180024:18852513:21697144:17768139:9827819:17872118:21727219:14770659:13366464:3287818:3682152:13010074:18303809:20261184:3372882:8603055:5424489:13163840:2205884:18820648:13560652:13014689:18875480:5147703:18900192:8436656:20757475:19506725:20344141:6004937:18886672:13157911:21474474:18852465:17772450:21129590:20876876:20793758",""
"KC603PO20N000000077","산서시장","전라북도","장수군","4574031021","산서면","4574031000","산서면","45","전라북도 장수군 산서면 보산로 1864-11","55647","다마905320","35.5844945","127.3958895","상설장+5일장","5일","12.0","농산물,수산물,의류 및 신발,가정용품,음식점업,기타소매업,","지역사랑상품권","","Y","Y","1953","","22099.0","6.0","175.0","126.0","KC_603_TRD_MART_CTL_STATN_BIZAEA_2020","20210201","http://www.kbs.co.kr/index.html?source=smr&sname=vod&stype=vod&contents_id=K01_PS-2016118963-01-000_SC02&program_code=T2000-0093&program_id=PS-2016118963-01-000&section_code=05&broadcast_complete_yn=N,http://www.kbs.co.kr/index.html?source=smr&sname=vod&stype=vod&contents_id=K01_PS-2016118963-01-000_SC01&program_code=T2000-0093&program_id=PS-2016118963-01-000&section_code=05&broadcast_complete_yn=N","","","",""
"KC603PO20N000000078","장계시장","전라북도","장수군","4574033521","장계면","4574033500","장계면","45","전라북도 장수군 장계면 시장천변길 36","55616","라마074481","35.7294384","127.5822721","5일장","5일","44.0","농산물,축산물,수산물,가공식품,의류 및 신발,가정용품,음식점업,기타소매업,","지역사랑상품권","","Y","Y","1931","","22099.0","6.0","175.0","126.0","KC_603_TRD_MART_CTL_STATN_BIZAEA_2020","20210201","http://www.kbs.co.kr/index.html?source=smr&sname=vod&stype=vod&contents_id=K01_LS-20190607191332-01-000_S003&program_code=T2000-0093&program_id=PS-2019085905-01-000&section_code=05&broadcast_complete_yn=N","","","https://tv.naver.com/v/1581394?query=%EC%9E%A5%EA%B3%84%EC%8B%9C%EC%9E%A5&plClips=false:1581394:20222936:20221043:14360230:769045:769044",""
"KC603PO20N000000079","장수시장","전라북도","장수군","4574025021","장수읍","4574025000","장수읍","45","전라북도 장수군 장수읍 시장로 11","55632","라마015392","35.6491024","127.5174723","5일장","5일","34.0","농산물,수산물,가공식품,의류 및 신발,가정용품,음식점업,기타소매업,근린생활서비스,","지역사랑상품권","","Y","Y","1977","","22099.0","6.0","175.0","126.0","KC_603_TRD_MART_CTL_STATN_BIZAEA_2020","20210201","http://www.kbs.co.kr/index.html?source=smr&sname=vod&stype=vod&contents_id=K01_PS-2018176056-01-000_SC04&program_code=T2000-0093&program_id=PS-2018176056-01-000&section_code=05&broadcast_complete_yn=N,http://www.kbs.co.kr/index.html?source=smr&sname=vod&stype=vod&contents_id=K01_PS-2021041252-01-000_MFSC1&program_code=T2000-0093&program_id=PS-2021041252-01-000&section_code=05&broadcast_complete_yn=N,http://www.kbs.co.kr/index.html?source=smr&sname=vod&stype=vod&contents_id=K01_PS-2021135604-01-000_MFSC2&program_code=T2000-0093&program_id=PS-2021135604-01-000&section_code=05&broadcast_complete_yn=N,http://www.kbs.co.kr/index.html?source=smr&sname=vod&stype=vod&contents_id=K01_PS-2019136456-01-000_SC04&program_code=T2000-0093&program_id=PS-2019136456-01-000&section_code=05&broadcast_complete_yn=N,http://www.kbs.co.kr/index.html?source=smr&sname=vod&stype=vod&contents_id=K01_PS-2021134258-01-000_MFSC1&program_code=T2012-0739&program_id=PS-2021134258-01-000&section_code=05&broadcast_complete_yn=N,http://www.kbs.co.kr/index.html?source=smr&sname=vod&stype=vod&contents_id=K02_LS-20151228160624-01-000_0426-SC04&program_code=T2007-0188&program_id=PS-2015063740-01-000&section_code=05&broadcast_complete_yn=N","http://playvod.imbc.com/Vod/ClipPlay?broadcastId=1000835101961100003","","https://tv.naver.com/v/672716?query=%EC%9E%A5%EC%88%98%EC%8B%9C%EC%9E%A5&plClips=false:20133577:20315266:17728770:9839990:21417001:14985263:16223271:10742617:12216069:18327168:18697098:18739004:672716:748185:2869620:1503930:333850:9875710:18704604:16668667:555195:15250781:2720238:12659501:20161758:16223016:1503926:20153056:333852:20205847:333860:20198309:20111261:20127444:13402488:10675762:4911655:8973430:333849:18407235,https://tv.naver.com/v/2869620?query=%EC%9E%A5%EC%88%98%EC%8B%9C%EC%9E%A5&plClips=false:20133577:20315266:17728770:9839990:21417001:14985263:16223271:10742617:12216069:18327168:18697098:18739004:672716:748185:2869620:1503930:333850:9875710:18704604:16668667:555195:15250781:2720238:12659501:20161758:16223016:1503926:20153056:333852:20205847:333860:20198309:20111261:20127444:13402488:10675762:4911655:8973430:333849:18407235,https://tv.naver.com/v/672716?query=%EC%9E%A5%EC%88%98%EC%8B%9C%EC%9E%A5&plClips=false:20133577:20315266:17728770:9839990:21417001:14985263:16223271:10742617:12216069:18327168:18697098:18739004:672716:748185:2869620:1503930:333850:9875710:18704604:16668667:555195:15250781:2720238:12659501:20161758:16223016:1503926:20153056:333852:20205847:333860:20198309:20111261:20127444:13402488:10675762:4911655:8973430:333849:18407235,https://tv.naver.com/v/2869620?query=%EC%9E%A5%EC%88%98%EC%8B%9C%EC%9E%A5&plClips=false:20133577:20315266:17728770:9839990:21417001:14985263:16223271:10742617:12216069:18327168:18697098:18739004:672716:748185:2869620:1503930:333850:9875710:18704604:16668667:555195:15250781:2720238:12659501:20161758:16223016:1503926:20153056:333852:20205847:333860:20198309:20111261:20127444:13402488:10675762:4911655:8973430:333849:18407235","https://tv.kakao.com//channel/2653446/cliplink/300035681,https://tv.kakao.com//channel/2653471/cliplink/383554087,https://tv.kakao.com//channel/2653341/cliplink/393190517"
"KC603PO20N000000080","모래내시장(전주)","전라북도","전주시 덕진구","4511310400","인후동2가","4511355000","인후2동","45","전라북도 전주시 덕진구 모래내4길 8-3","54926","다마678597","35.8334403","127.1437029","상설장","-","224.0","농산물,축산물,수산물,가공식품,의류 및 신발,가정용품,음식점업,기타소매업근린생활서비스","지역사랑상품권","blog.naver.com/mrn61261","Y","Y","","","317772.0","7.0","1369.0","232.0","KC_603_TRD_MART_CTL_STATN_BIZAEA_2020","20210201","","http://playvod.imbc.com/Vod/ClipPlay?broadcastId=1003106101204100001,http://playvod.imbc.com/Vod/ClipPlay?broadcastId=1003106101142100001,http://playvod.imbc.com/Vod/ClipPlay?broadcastId=1003106100909100001,http://playvod.imbc.com/Vod/ClipPlay?broadcastId=1003106100808100001,http://playvod.imbc.com/Vod/ClipPlay?broadcastId=1003106100693100001,http://playvod.imbc.com/Vod/ClipPlay?broadcastId=1003106100660100001,http://playvod.imbc.com/Vod/ClipPlay?broadcastId=1003106100492100001,http://playvod.imbc.com/Vod/ClipPlay?broadcastId=1003106100492100002,http://playvod.imbc.com/Vod/ClipPlay?broadcastId=1003106100401100001,http://playvod.imbc.com/Vod/ClipPlay?broadcastId=1003106100401100002,http://playvod.imbc.com/Vod/ClipPlay?broadcastId=1003106100386100003,http://playvod.imbc.com/Vod/ClipPlay?broadcastId=1003106100386100002","","https://tv.naver.com/v/21345668?query=%EC%A0%84%EC%A3%BC+%EB%AA%A8%EB%9E%98%EB%82%B4%EC%8B%9C%EC%9E%A5&plClips=false:21345668:18820725:20451688:8964508:18909955:4348474:5472769:9538158:9551054:20132856:18356641:9551064:17333115:16031408:8075841:9543802:9543576:3331870:13344305:13354372:3327273:8838145:16837559:13095172:11780633","https://tv.kakao.com//channel/2653341/cliplink/398059599,https://tv.kakao.com//channel/2653341/cliplink/398274644,https://tv.kakao.com//channel/2653471/cliplink/399797321,https://tv.kakao.com//channel/2653378/cliplink/416499104,https://tv.kakao.com//channel/2653471/cliplink/394415283"
"KC603PO20N000000081","진안고원시장","전라북도","진안군","4572025021","진안읍","4572025000","진안읍","45","전라북도 진안군 진안읍시장1길 16","55430","다마936551","35.7926332","127.4294238","상설장+5일장","5일","60.0","농산물,축산물,수산물,가공식품,의류 및 신발,가정용품,음식점업,기타소매업근린생활서비스","지역사랑상품권","jinanmarket.modoo.at","Y","Y","1918","","25351.0","3.0","168.0","151.0","KC_603_TRD_MART_CTL_STATN_BIZAEA_2020","20210201","","","","https://tv.naver.com/v/12185219?query=%EC%A7%84%EC%95%88%EA%B3%A0%EC%9B%90%EC%8B%9C%EC%9E%A5&plClips=false:17774356:12961925:12185219:17737749:15020530:3831640:15227216:12570210:10344780","https://tv.kakao.com//channel/2653378/cliplink/412457667,https://tv.kakao.com//channel/2653341/cliplink/406181004"
"KC603PO20N000000082","약목시장","경상북도","칠곡군","4785036028","약목면","4785036000","약목면","47","경상북도 칠곡군 약목로 1길 5-2","39826","라마780820","36.0323422","128.3658582","상설장+5일장","5일","18.0","농산물,수산물,가공식품,가정용품,음식점업","온누리+지역사랑상품권","","Y","Y","1965","","114951.0","4.0","378.0","304.0","KC_603_TRD_MART_CTL_STATN_BIZAEA_2020","20210201","","","","",""
"KC603PO20N000000083","왜관시장","경상북도","칠곡군","4785025021","왜관읍","4785025000","왜관읍","47","경상북도 칠곡군 왜관읍 시장2길 9","39886","라마809779","35.9951508","128.3982558","상설장+5일장","5일","120.0","농산물,축산물,수산물,가공식품,의류 및 신발,가정용품,음식점업,기타소매업근린생활서비스","온누리+지역사랑상품권","","Y","Y","1981","","114951.0","4.0","378.0","304.0","KC_603_TRD_MART_CTL_STATN_BIZAEA_2020","20210201","http://www.kbs.co.kr/index.html?source=smr&sname=vod&stype=vod&contents_id=K01_PS-2018160000-01-000_SC03&program_code=T2000-0093&program_id=PS-2018160000-01-000&section_code=05&broadcast_complete_yn=N","","","https://tv.naver.com/v/20974546?query=%EC%99%9C%EA%B4%80%EC%8B%9C%EC%9E%A5&plClips=false:20974546:14630726:13735487:5032986:4596662:21736544:21740308:4228608:21604210:8256361:5058807:20987394:16431922:1320159:1320027:5793655:8271513:9383714:9782171:5646477:9396603:9494612:12519297:9251945:8013240:5623454:9339481:11004415:5903673:5769123:5859496:5240442:8396218:4687588:8340394:9939156:5058971,https://tv.naver.com/v/4228608?query=%EC%99%9C%EA%B4%80%EC%8B%9C%EC%9E%A5&plClips=false:20974546:14630726:13735487:5032986:4596662:21736544:21740308:4228608:21604210:8256361:5058807:20987394:16431922:1320159:1320027:5793655:8271513:9383714:9782171:5646477:9396603:9494612:12519297:9251945:8013240:5623454:9339481:11004415:5903673:5769123:5859496:5240442:8396218:4687588:8340394:9939156:5058971","https://tv.kakao.com//channel/2653341/cliplink/391389758"
"KC603PO20N000000084","진도읍조금시장","전라남도","진도군","4690025021","진도읍","4690025000","진도읍","46","전라남도 진도군 진도읍 조금시장길 28","58922","나라859103","34.4811029","126.2576888","5일장","5일","34.0","농산물,축산물,수산물,가공식품,의류 및 신발,가정용품,음식점업,기타소매업근린생활서비스","지역사랑상품권","","Y","Y","1964","","30748.0","11.0","266.0","116.0","KC_603_TRD_MART_CTL_STATN_BIZAEA_2020","20210201","","","","",""
"KC603PO20N000000085","용답상가시장","서울특별시","성동구","1120012200","용답동","1120079000","용답동","11","서울특별시 성동구 용답25라길 23","04805","다사605516","37.5635180","127.0530067","상설장","-","167.0","농산물,축산물,수산물,가공식품,의류 및 신발,가정용품,음식점업,기타소매업근린생활서비스","지역사랑상품권","","N","Y","2011","","294272.0","8.0","3240.0","91.0","KC_603_TRD_MART_CTL_STATN_BIZAEA_2020","20210201","","","","",""
"KC603PO20N000000086","망미삼성상가시장","부산광역시","수영구","2650010100","망미동","2650074000","망미1동","26","부산광역시 수영구 망미로30번길 23","48238","마라457871","35.1686087","129.1008259","상설장","-","25.0","음식점업,기타소매업,근린생활서비스","지역사랑상품권","","Y","Y","1992","","176885.0","38.0","2851.0","62.0","KC_603_TRD_MART_CTL_STATN_BIZAEA_2020","20210201","","","","",""
"KC603PO20N000000087","삼익비치B상가시장","부산광역시","수영구","2650010500","남천동","2650067000","남천2동","26","부산광역시 수영구 광안해변로54번길 222","48305","마라471846","35.1461444","129.1153256","상설장","-","123.0","수산물,가공식품,의류 및 신발,가정용품,음식점업,근린생활서비스,","지역사랑상품권","","Y","Y","1981","","176885.0","38.0","2851.0","62.0","KC_603_TRD_MART_CTL_STATN_BIZAEA_2020","20210201","","","","",""
"KC603PO20N000000088","동부시장","인천광역시","동구","2814010700","송림동","2814063000","송림6동","28","인천광역시 동구 샛골로 164-5","22544","다사244423","37.4769981","126.6452481","상설장","-","54.0","농산물,축산물,수산물,가공식품,의류 및 신발,가정용품,음식점업,기타소매업근린생활서비스","온누리+지역사랑상품권","","Y","Y","1971","","62747.0","9.0","10525.0","6.0","KC_603_TRD_MART_CTL_STATN_BIZAEA_2020","20210201","http://www.kbs.co.kr/index.html?source=smr&sname=vod&stype=vod&contents_id=K01_PS-2021041700-01-000_MFSC2&program_code=T2000-0093&program_id=PS-2021041700-01-000&section_code=05&broadcast_complete_yn=N","http://playvod.imbc.com/Vod/ClipPlay?broadcastId=1003106100540100001,http://playvod.imbc.com/Vod/ClipPlay?broadcastId=1003106100540100002,http://playvod.imbc.com/Vod/ClipPlay?broadcastId=1003106100535100001","","https://tv.naver.com/v/19220277?query=%EB%8F%99%EB%B6%80%EC%8B%9C%EC%9E%A5&plClips=false:21146167:20695703:20049566:20636616:16220968:16101664:15224305:21227582:14728013:10039199:15808488:10742617:11226468:8848512:20195808:11617408:1900224:19178537:18948327:2514282:19220277:14588398:12136530:11243962:4877562:9208340:21838466:5082850:18379410:20144253:3392188:17427116:15157967:21957727:13652188:4706360:18888012:22048092:19852850:14120003,https://tv.naver.com/v/19220277?query=%EB%8F%99%EB%B6%80%EC%8B%9C%EC%9E%A5&plClips=false:21146167:20695703:20049566:20636616:16220968:16101664:15224305:21227582:14728013:10039199:15808488:10742617:11226468:8848512:20195808:11617408:1900224:19178537:18948327:2514282:19220277:14588398:12136530:11243962:4877562:9208340:21838466:5082850:18379410:20144253:3392188:17427116:15157967:21957727:13652188:4706360:18888012:22048092:19852850:14120003","https://tv.kakao.com//channel/2653341/cliplink/417741884"
"KC603PO20N000000089","동방시장","부산광역시","수영구","2650010300","민락동","2650080000","민락동","26","부산광역시 수영구 감포로8번길 10","48277","마라476860","35.1591235","129.1212751","상설장","-","30.0","가공식품,음식점업,근린생활서비스","지역사랑상품권","","Y","N","1977","","176885.0","38.0","2851.0","62.0","KC_603_TRD_MART_CTL_STATN_BIZAEA_2020","20210201","","","","",""
"KC603PO20N000000090","부평종합시장","인천광역시","부평구","2823710100","부평동","2823754000","부평4동","28","인천광역시 부평구 부흥로316번길 38-3","21391","다사316444","37.4964980","126.7266188","상설장","-","200.0","농산물,축산물,수산물,가공식품,의류 및 신발,가정용품,음식점업,기타소매업근린생활서비스","지역사랑상품권","","Y","Y","","","495882.0","7.0","1176.0","422.0","KC_603_TRD_MART_CTL_STATN_BIZAEA_2020","20210201","http://www.kbs.co.kr/index.html?source=smr&sname=vod&stype=vod&contents_id=K01_PS-2020169732-01-000_MFSC2&program_code=T2000-0093&program_id=PS-2020169732-01-000&section_code=05&broadcast_complete_yn=N","","","https://tv.naver.com/v/16352182?query=%EB%B6%80%ED%8F%89%EC%A2%85%ED%95%A9%EC%8B%9C%EC%9E%A5&plClips=false:20801768:18936875:4314054:14073838:15283400:16352182:21416644:21351856:9359993:18407344:19846024:12537648:21360827:18478788:21047374:14047518:12000538:19046062:21313401:20937485:18962554:19845738:9378613:14114218:12000939:21121006:20362171:20138894:13750686:12000938:20066871:20337501:19391942:18405934:18854658:17808814:17826791:18115929:18163035:4085654,https://tv.naver.com/v/16352182?query=%EB%B6%80%ED%8F%89%EC%A2%85%ED%95%A9%EC%8B%9C%EC%9E%A5&plClips=false:20801768:18936875:4314054:14073838:15283400:16352182:21416644:21351856:9359993:18407344:19846024:12537648:21360827:18478788:21047374:14047518:12000538:19046062:21313401:20937485:18962554:19845738:9378613:14114218:12000939:21121006:20362171:20138894:13750686:12000938:20066871:20337501:19391942:18405934:18854658:17808814:17826791:18115929:18163035:4085654","https://tv.kakao.com//channel/2653341/cliplink/413431137,https://tv.kakao.com//channel/2653471/cliplink/397637957"
"KC603PO20N000000091","장승백이전통시장","인천광역시","남동구","2820010300","만수동","2820058300","만수6동","28","인천광역시 남동구 인주대로888번길 35","21591","다사323388","37.4465642","126.7352271","상설장","-","113.0","농산물,축산물,수산물,가공식품,의류 및 신발,가정용품,음식점업,기타소매업근린생활서비스","온누리+지역사랑상품권","","Y","Y","1995","","526337.0","8.0","1284.0","410.0","KC_603_TRD_MART_CTL_STATN_BIZAEA_2020","20210201","","","","",""
"KC603PO20N000000092","강남시장","서울특별시","동작구","1159010200","상도동","1159053000","상도1동","11","서울특별시 동작구 상도로 357 아파트 시장","06978","다사516443","37.4969398","126.9535408","상설장","-","21.0","가공식품,가정용품,음식점업,기타소매업,근린생활서비스","지역사랑상품권","","Y","N","","","391896.0","22.0","1372.0","286.0","KC_603_TRD_MART_CTL_STATN_BIZAEA_2020","20210201","http://www.kbs.co.kr/index.html?source=smr&sname=vod&stype=vod&contents_id=K01_PS-2018101574-01-000_SC04&program_code=T2000-0093&program_id=PS-2018101574-01-000&section_code=05&broadcast_complete_yn=N,http://www.kbs.co.kr/index.html?source=smr&sname=vod&stype=vod&contents_id=K01_PS-2018216313-01-000_SC03&program_code=T2000-0093&program_id=PS-2018216313-01-000&section_code=05&broadcast_complete_yn=N,http://www.kbs.co.kr/index.html?source=smr&sname=vod&stype=vod&contents_id=K01_PS-2018196472-01-000_SC04&program_code=T2000-0093&program_id=PS-2018196472-01-000&section_code=05&broadcast_complete_yn=N,http://www.kbs.co.kr/index.html?source=smr&sname=vod&stype=vod&contents_id=K01_PS-2020200278-01-000_MFSC2&program_code=T2018-0429&program_id=PS-2020200278-01-000&section_code=05&broadcast_complete_yn=N","","","https://tv.naver.com/v/4107406?query=%EA%B0%95%EB%82%A8%EC%8B%9C%EC%9E%A5&plClips=false:21044096:20129582:3350946:19476172:12111891:3228508:17852502:19250663:21867272:20298243:4107406:21511443:19249636:19459730:19539830:19494127:19530812:19243134:20334943:20373925:18254086:21595141:18011549:18077005:15930626:17323407:20319051:18931916:20803437:19043622:16360999:19744683:19465922:21955294:17930860:17862223:20298874:19692906:21332377:4901036,https://tv.naver.com/v/4901036?query=%EA%B0%95%EB%82%A8%EC%8B%9C%EC%9E%A5&plClips=false:21044096:20129582:3350946:19476172:12111891:3228508:17852502:19250663:21867272:20298243:4107406:21511443:19249636:19459730:19539830:19494127:19530812:19243134:20334943:20373925:18254086:21595141:18011549:18077005:15930626:17323407:20319051:18931916:20803437:19043622:16360999:19744683:19465922:21955294:17930860:17862223:20298874:19692906:21332377:4901036,https://tv.naver.com/v/4107406?query=%EA%B0%95%EB%82%A8%EC%8B%9C%EC%9E%A5&plClips=false:21044096:20129582:3350946:19476172:12111891:3228508:17852502:19250663:21867272:20298243:4107406:21511443:19249636:19459730:19539830:19494127:19530812:19243134:20334943:20373925:18254086:21595141:18011549:18077005:15930626:17323407:20319051:18931916:20803437:19043622:16360999:19744683:19465922:21955294:17930860:17862223:20298874:19692906:21332377:4901036,https://tv.naver.com/v/4901036?query=%EA%B0%95%EB%82%A8%EC%8B%9C%EC%9E%A5&plClips=false:21044096:20129582:3350946:19476172:12111891:3228508:17852502:19250663:21867272:20298243:4107406:21511443:19249636:19459730:19539830:19494127:19530812:19243134:20334943:20373925:18254086:21595141:18011549:18077005:15930626:17323407:20319051:18931916:20803437:19043622:16360999:19744683:19465922:21955294:17930860:17862223:20298874:19692906:21332377:4901036","https://tv.kakao.com//channel/2653341/cliplink/395467243,https://tv.kakao.com//channel/2653341/cliplink/300239203,https://tv.kakao.com//channel/2653341/cliplink/397153258,https://tv.kakao.com//channel/2653341/cliplink/397153257,https://tv.kakao.com//channel/2653341/cliplink/397153228,https://tv.kakao.com//channel/2653341/cliplink/393707397,https://tv.kakao.com//channel/2653341/cliplink/394629712"
"KC603PO20N000000093","연수구옥련시장","인천광역시","연수구","2818510100","옥련동","2818564000","옥련2동","28","인천광역시 연수구 독배로 40번길 35","21949","다사245365","37.4246218","126.6468300","상설장","-","61.0","농산물,축산물,가공식품,의류 및 신발,음식점업,근린생활서비스,","온누리+지역사랑상품권","","N","N","","","385973.0","3.0","218.0","1771.0","KC_603_TRD_MART_CTL_STATN_BIZAEA_2020","20210201","","","","",""
"KC603PO20N000000094","광장시장","서울특별시","종로구","1111015800","예지동","1111061500","종로1.2.3.4가동","11","서울특별시 종로구 창경궁로 88","03195","다사558524","37.5701125","126.9997072","상설장","-","1742.0","농산물,축산물,수산물,가공식품,의류 및 신발,가정용품,음식점업,기타소매업근린생활서비스","","","Y","N","","","149549.0","36.0","20299.0","7.0","KC_603_TRD_MART_CTL_STATN_BIZAEA_2020","20210201","http://www.kbs.co.kr/index.html?source=smr&sname=vod&stype=vod&contents_id=K02_PS-2017217553-01-000_SC00&program_code=T2014-0844&program_id=PS-2017217553-01-000&section_code=05&broadcast_complete_yn=N,http://www.kbs.co.kr/index.html?source=smr&sname=vod&stype=vod&contents_id=K02_PS-2017217553-01-000_SC02&program_code=T2014-0844&program_id=PS-2017217553-01-000&section_code=05&broadcast_complete_yn=N,http://www.kbs.co.kr/index.html?source=smr&sname=vod&stype=vod&contents_id=K01_PS-2019014099-01-000_SC04&program_code=T2000-0093&program_id=PS-2019014099-01-000&section_code=05&broadcast_complete_yn=N,http://www.kbs.co.kr/index.html?source=smr&sname=vod&stype=vod&contents_id=K01_PS-2017070296-01-000_SC02&program_code=T2000-0093&program_id=PS-2017070296-01-000&section_code=05&broadcast_complete_yn=N,http://www.kbs.co.kr/index.html?source=smr&sname=vod&stype=vod&contents_id=K01_PS-2016098617-01-000_SC01&program_code=T2000-0093&program_id=PS-2016098617-01-000&section_code=05&broadcast_complete_yn=N,http://www.kbs.co.kr/index.html?source=smr&sname=vod&stype=vod&contents_id=K02_PS-2017157039-01-000_SC03&program_code=T2014-0844&program_id=PS-2017157039-01-000&section_code=05&broadcast_complete_yn=N,http://www.kbs.co.kr/index.html?source=smr&sname=vod&stype=vod&contents_id=K01_LS-20190301190317-01-000_SC05&program_code=T2000-0093&program_id=PS-2019027822-01-000&section_code=05&broadcast_complete_yn=N,http://www.kbs.co.kr/index.html?source=smr&sname=vod&stype=vod&contents_id=K01_PS-2021095516-01-000_MFSC1&program_code=T2000-0093&program_id=PS-2021095516-01-000&section_code=05&broadcast_complete_yn=N,http://www.kbs.co.kr/index.html?source=smr&sname=vod&stype=vod&contents_id=K01_PS-2020147558-01-000_MFSC3&program_code=T2000-0093&program_id=PS-2020147558-01-000&section_code=05&broadcast_complete_yn=N,http://www.kbs.co.kr/index.html?source=smr&sname=vod&stype=vod&contents_id=K01_PS-2020200278-01-000_MFSC1&program_code=T2018-0429&program_id=PS-2020200278-01-000&section_code=05&broadcast_complete_yn=N","http://playvod.imbc.com/Vod/ClipPlay?broadcastId=1003106101498100005,http://playvod.imbc.com/Vod/ClipPlay?broadcastId=1003106101498100002,http://playvod.imbc.com/Vod/ClipPlay?broadcastId=1003106101498100001,http://playvod.imbc.com/Vod/ClipPlay?broadcastId=1003106101498100003,http://playvod.imbc.com/Vod/ClipPlay?broadcastId=1003106101498100004,http://playvod.imbc.com/Vod/ClipPlay?broadcastId=1003106101294100001,http://playvod.imbc.com/Vod/ClipPlay?broadcastId=1003106101186100001,http://playvod.imbc.com/Vod/ClipPlay?broadcastId=1003106100872100001,http://playvod.imbc.com/Vod/ClipPlay?broadcastId=1003106100444100001,http://playvod.imbc.com/Vod/ClipPlay?broadcastId=1003106100444100002,http://playvod.imbc.com/Vod/ClipPlay?broadcastId=1003106100251100003,http://playvod.imbc.com/Vod/ClipPlay?broadcastId=1003106100136100001,http://playvod.imbc.com/Vod/ClipPlay?broadcastId=1003106100136100003,http://playvod.imbc.com/Vod/ClipPlay?broadcastId=1003106100136100002","","https://tv.naver.com/v/18438014?query=%EA%B4%91%EC%9E%A5%EC%8B%9C%EC%9E%A5&plClips=false:20408148:21881947:21997508:21964073:18438014:22019430:21442046:21582534:21371731:21830974:20883151:18848637:11950641:20457506:13238033:20419927:19887232:21075958:20127110:20129766:19973644:5475083:8274293:20369026:20254246:4684735:2490660:20326429:19267185:2837983:3314416:20382046:18918304:18494700:18478961:18661925:18504751:18471106:1390158:2998002,https://tv.naver.com/v/18848637?query=%EA%B4%91%EC%9E%A5%EC%8B%9C%EC%9E%A5&plClips=false:20408148:21881947:21997508:21964073:18438014:22019430:21442046:21582534:21371731:21830974:20883151:18848637:11950641:20457506:13238033:20419927:19887232:21075958:20127110:20129766:19973644:5475083:8274293:20369026:20254246:4684735:2490660:20326429:19267185:2837983:3314416:20382046:18918304:18494700:18478961:18661925:18504751:18471106:1390158:2998002,https://tv.naver.com/v/5475083?query=%EA%B4%91%EC%9E%A5%EC%8B%9C%EC%9E%A5&plClips=false:20408148:21881947:21997508:21964073:18438014:22019430:21442046:21582534:21371731:21830974:20883151:18848637:11950641:20457506:13238033:20419927:19887232:21075958:20127110:20129766:19973644:5475083:8274293:20369026:20254246:4684735:2490660:20326429:19267185:2837983:3314416:20382046:18918304:18494700:18478961:18661925:18504751:18471106:1390158:2998002,https://tv.naver.com/v/2490660?query=%EA%B4%91%EC%9E%A5%EC%8B%9C%EC%9E%A5&plClips=false:20408148:21881947:21997508:21964073:18438014:22019430:21442046:21582534:21371731:21830974:20883151:18848637:11950641:20457506:13238033:20419927:19887232:21075958:20127110:20129766:19973644:5475083:8274293:20369026:20254246:4684735:2490660:20326429:19267185:2837983:3314416:20382046:18918304:18494700:18478961:18661925:18504751:18471106:1390158:2998002,https://tv.naver.com/v/18438014?query=%EA%B4%91%EC%9E%A5%EC%8B%9C%EC%9E%A5&plClips=false:20408148:21881947:21997508:21964073:18438014:22019430:21442046:21582534:21371731:21830974:20883151:18848637:11950641:20457506:13238033:20419927:19887232:21075958:20127110:20129766:19973644:5475083:8274293:20369026:20254246:4684735:2490660:20326429:19267185:2837983:3314416:20382046:18918304:18494700:18478961:18661925:18504751:18471106:1390158:2998002,https://tv.naver.com/v/18848637?query=%EA%B4%91%EC%9E%A5%EC%8B%9C%EC%9E%A5&plClips=false:20408148:21881947:21997508:21964073:18438014:22019430:21442046:21582534:21371731:21830974:20883151:18848637:11950641:20457506:13238033:20419927:19887232:21075958:20127110:20129766:19973644:5475083:8274293:20369026:20254246:4684735:2490660:20326429:19267185:2837983:3314416:20382046:18918304:18494700:18478961:18661925:18504751:18471106:1390158:2998002,https://tv.naver.com/v/5475083?query=%EA%B4%91%EC%9E%A5%EC%8B%9C%EC%9E%A5&plClips=false:20408148:21881947:21997508:21964073:18438014:22019430:21442046:21582534:21371731:21830974:20883151:18848637:11950641:20457506:13238033:20419927:19887232:21075958:20127110:20129766:19973644:5475083:8274293:20369026:20254246:4684735:2490660:20326429:19267185:2837983:3314416:20382046:18918304:18494700:18478961:18661925:18504751:18471106:1390158:2998002,https://tv.naver.com/v/2490660?query=%EA%B4%91%EC%9E%A5%EC%8B%9C%EC%9E%A5&plClips=false:20408148:21881947:21997508:21964073:18438014:22019430:21442046:21582534:21371731:21830974:20883151:18848637:11950641:20457506:13238033:20419927:19887232:21075958:20127110:20129766:19973644:5475083:8274293:20369026:20254246:4684735:2490660:20326429:19267185:2837983:3314416:20382046:18918304:18494700:18478961:18661925:18504751:18471106:1390158:2998002",""
"KC603PO20N000000095","수성시장","대구광역시","수성구","2726010400","수성동2가","2726058000","수성2.3가동","27","대구광역시 수성구 들안로 285-56","42124","마마008627","35.8556549","128.6170064","상설장","-","100.0","농산물,축산물,가공식품,의류 및 신발,가정용품,음식점업,기타소매업,근린생활서비스,","지역사랑상품권","","Y","Y","","","424947.0","19.0","946.0","449.0","KC_603_TRD_MART_CTL_STATN_BIZAEA_2020","20210201","","","","",""
"KC603PO20N000000096","신마산시장","경상남도","창원시 마산합포구","4812515800","해운동","4812553000","월영동","48","경상남도 창원시 마산합포구 문화동15길13 (해운동)","51744","라라966878","35.1810969","128.5617023","상설장","매일","85.0","실비집, 활어, 분식","온누리상품권","","Y","N","1998","0552230325","174933.0","20.0","4773.0","37.0","KC_603_TRD_MART_CTL_STATN_BIZAEA_2020","20210201","","","","",""
"KC603PO20N000000097","월영대시장","경상남도","창원시 마산합포구","4812515800","해운동","4812553000","월영동","48","경상남도 창원시 마산합포구 월영남1길13 (월영동)","51769","라라963876","35.1792750","128.5577604","상설장","매일","108.0","먹거리, 생필품","","","N","N","2013","","174933.0","20.0","4773.0","37.0","KC_603_TRD_MART_CTL_STATN_BIZAEA_2020","20210201","","","","",""
"KC603PO20N000000098","신마산반월시장","경상남도","창원시 마산합포구","4812511600","반월동","4812556500","반월중앙동","48","경상남도 창원시 마산합포구 반월남1길18-16 (반월동)","51761","라라966887","35.1896594","128.5611826","상설장","매일","115.0","먹거리","온누리상품권","","Y","N","1980","0552216666","174933.0","20.0","4773.0","37.0","KC_603_TRD_MART_CTL_STATN_BIZAEA_2020","20210201","","","","",""
"KC603PO20N000000099","정우새어시장","경상남도","창원시 마산합포구","4812511100","동성동","4812563000","오동동","48","경상남도 창원시 마산합포구 어시장7길 126(동성동)","51721","라라981903","35.2041040","128.5787114","상설장","매일","97.0","수산물","온누리상품권","","Y","Y","1996","0552457054","174933.0","20.0","4773.0","37.0","KC_603_TRD_MART_CTL_STATN_BIZAEA_2020","20210201","","","","",""
"KC603PO20N000000100","마산어시장","경상남도","창원시 마산합포구","4812511100","동성동","4812563000","오동동","48","경상남도 창원시 마산합포구 복요리로 7(동성동)","51721","라라982903","35.2037617","128.5789560","상설장","매일","1179.0","수산물","온누리상품권","","Y","Y","1780","0552240009","174933.0","20.0","4773.0","37.0","KC_603_TRD_MART_CTL_STATN_BIZAEA_2020","20210201","http://www.kbs.co.kr/index.html?source=smr&sname=vod&stype=vod&contents_id=K01_PS-2021041715-01-000_MFSC1&program_code=T2000-0093&program_id=PS-2021041715-01-000&section_code=05&broadcast_complete_yn=N","","","https://tv.naver.com/v/19356169?query=%EB%A7%88%EC%82%B0%EC%96%B4%EC%8B%9C%EC%9E%A5&plClips=false:21975828:19356169:10631458:20337178:18927417:17998475:2453144:15160074:4667029:16540548:8606082:3676561:3833011:1979636:15008872:4553623:425534:730292:11587453:980457:18383632:9675969:9849711:2154090:1627403:18389411:20048533:9679811:9767864:16756779:52714:16539091:19983056:1664175:1979645:9676620:9849704:13557485:11586627:4359507,https://tv.naver.com/v/4667029?query=%EB%A7%88%EC%82%B0%EC%96%B4%EC%8B%9C%EC%9E%A5&plClips=false:21975828:19356169:10631458:20337178:18927417:17998475:2453144:15160074:4667029:16540548:8606082:3676561:3833011:1979636:15008872:4553623:425534:730292:11587453:980457:18383632:9675969:9849711:2154090:1627403:18389411:20048533:9679811:9767864:16756779:52714:16539091:19983056:1664175:1979645:9676620:9849704:13557485:11586627:4359507,https://tv.naver.com/v/3833011?query=%EB%A7%88%EC%82%B0%EC%96%B4%EC%8B%9C%EC%9E%A5&plClips=false:21975828:19356169:10631458:20337178:18927417:17998475:2453144:15160074:4667029:16540548:8606082:3676561:3833011:1979636:15008872:4553623:425534:730292:11587453:980457:18383632:9675969:9849711:2154090:1627403:18389411:20048533:9679811:9767864:16756779:52714:16539091:19983056:1664175:1979645:9676620:9849704:13557485:11586627:4359507,https://tv.naver.com/v/980457?query=%EB%A7%88%EC%82%B0%EC%96%B4%EC%8B%9C%EC%9E%A5&plClips=false:21975828:19356169:10631458:20337178:18927417:17998475:2453144:15160074:4667029:16540548:8606082:3676561:3833011:1979636:15008872:4553623:425534:730292:11587453:980457:18383632:9675969:9849711:2154090:1627403:18389411:20048533:9679811:9767864:16756779:52714:16539091:19983056:1664175:1979645:9676620:9849704:13557485:11586627:4359507,https://tv.naver.com/v/19356169?query=%EB%A7%88%EC%82%B0%EC%96%B4%EC%8B%9C%EC%9E%A5&plClips=false:21975828:19356169:10631458:20337178:18927417:17998475:2453144:15160074:4667029:16540548:8606082:3676561:3833011:1979636:15008872:4553623:425534:730292:11587453:980457:18383632:9675969:9849711:2154090:1627403:18389411:20048533:9679811:9767864:16756779:52714:16539091:19983056:1664175:1979645:9676620:9849704:13557485:11586627:4359507,https://tv.naver.com/v/4667029?query=%EB%A7%88%EC%82%B0%EC%96%B4%EC%8B%9C%EC%9E%A5&plClips=false:21975828:19356169:10631458:20337178:18927417:17998475:2453144:15160074:4667029:16540548:8606082:3676561:3833011:1979636:15008872:4553623:425534:730292:11587453:980457:18383632:9675969:9849711:2154090:1627403:18389411:20048533:9679811:9767864:16756779:52714:16539091:19983056:1664175:1979645:9676620:9849704:13557485:11586627:4359507,https://tv.naver.com/v/3833011?query=%EB%A7%88%EC%82%B0%EC%96%B4%EC%8B%9C%EC%9E%A5&plClips=false:21975828:19356169:10631458:20337178:18927417:17998475:2453144:15160074:4667029:16540548:8606082:3676561:3833011:1979636:15008872:4553623:425534:730292:11587453:980457:18383632:9675969:9849711:2154090:1627403:18389411:20048533:9679811:9767864:16756779:52714:16539091:19983056:1664175:1979645:9676620:9849704:13557485:11586627:4359507,https://tv.naver.com/v/980457?query=%EB%A7%88%EC%82%B0%EC%96%B4%EC%8B%9C%EC%9E%A5&plClips=false:21975828:19356169:10631458:20337178:18927417:17998475:2453144:15160074:4667029:16540548:8606082:3676561:3833011:1979636:15008872:4553623:425534:730292:11587453:980457:18383632:9675969:9849711:2154090:1627403:18389411:20048533:9679811:9767864:16756779:52714:16539091:19983056:1664175:1979645:9676620:9849704:13557485:11586627:4359507","https://tv.kakao.com//channel/2653341/cliplink/417939816"
"KC603PO20N000000101","부림시장","경상남도","창원시 마산합포구","4812511700","부림동","4812563000","오동동","48","경상남도 창원시 마산합포구 3·15대로 352(부림동)","51730","라라977905","35.2057887","128.5734587","상설장","매일","478.0","먹거리, 의류, 생필품","온누리상품권","","Y","Y","1981","0552463729","174933.0","20.0","4773.0","37.0","KC_603_TRD_MART_CTL_STATN_BIZAEA_2020","20210201","","","","https://tv.naver.com/v/3858831?query=%EB%B6%80%EB%A6%BC%EC%8B%9C%EC%9E%A5&plClips=false:20337218:20083279:3858831:1485653:1346431:773110:21982173:15432325:875368:19583405:1485668:18167065:15789420:875349:19463128:1481228:1979673:21978232:15258405:3539318:18389411:18248411:3005867:3007491:11278717:12580370:1481253:8509512:2922566:3050455:1481434:3006472:3004950:3009892:3054437:17587965:17581401:17578692:2948979:14652468,https://tv.naver.com/v/3858831?query=%EB%B6%80%EB%A6%BC%EC%8B%9C%EC%9E%A5&plClips=false:20337218:20083279:3858831:1485653:1346431:773110:21982173:15432325:875368:19583405:1485668:18167065:15789420:875349:19463128:1481228:1979673:21978232:15258405:3539318:18389411:18248411:3005867:3007491:11278717:12580370:1481253:8509512:2922566:3050455:1481434:3006472:3004950:3009892:3054437:17587965:17581401:17578692:2948979:14652468","https://tv.kakao.com//channel/2993678/cliplink/389229100"
