시장명,지자체,행정동명,위치위도,위치경도,상점수,가맹점수,가맹률
(주)여수수산시장,전남여수시,중앙동,34.73814206,127.7317636,115,99,86.08695652
Team204,서울중구,신당동,37.56771279,127.0131966,100,21,21
가락타운상가시장,부산사하구,하단1동,35.10107782,128.9579657,135,55,40.74074074
가리봉시장,서울구로구,가리봉동,37.48167727,126.8890779,66,36,54.54545455
가야벽산상가,부산부산진구,가야2동,35.14661344,129.0269894,80,6,7.5
가야시장,경남합천군,가야면,35.76024552,128.1383663,64,8,12.5
가양시장,대전동구,가양1동,36.34626329,127.4431993,10,1,10
가은아자개시장,경북문경시,가은읍,36.64660927,128.0609889,93,51,54.83870968
가음정시장,경남창원시 ,가음정동,35.20828431,128.6977985,186,126,67.74193548
가좌시장,인천서구,가좌2동,37.49413933,126.6833977,123,140,113.8211382
간석자유시장,인천남동구,간석3동,37.46388365,126.7153431,138,84,60.86956522
감곡시장,충북음성군,감곡면,37.11822939,127.6391738,65,6,9.230769231
감만시장,부산남구,감만1동,35.11634433,129.0821611,63,23,36.50793651
감전시장,부산사상구,감전동,35.1561407,128.984607,146,65,44.52054795
감전제일상가시장,부산사상구,감전동,35.15632532,128.9845484,57,1,1.754385965
감천2동시장,부산사하구,감천2동,35.09386856,129.0089227,54,16,29.62962963
감천시장,부산사하구,감천1동,35.08825658,129.0054329,39,6,15.38461538
감포시장,경북경주시,감포읍,35.80411024,129.5020144,51,36,70.58823529
강경대흥시장,충남논산시,강경읍,36.15597866,127.013675,110,55,50
강경젓갈시장,충남논산시,강경읍,36.15755625,127.0098063,140,18,12.85714286
강구시장,경북영덕군,강구면,36.35783489,129.379731,54,15,27.77777778
강남시장,서울강남구,신사동,37.51876726,127.0206916,70,9,12.85714286
강남시장,서울동작구,상도1동,37.49693976,126.9535408,30,9,30
강남시장,경기부천시,부천동,37.50722163,126.7813065,113,9,7.96460177
강릉동부시장,강원강릉시,옥천동,37.75584216,128.9020055,168,19,11.30952381
강릉서부시장,강원강릉시,중앙동,37.75509423,128.8907988,154,16,10.38961039
강릉성남시장,강원강릉시,중앙동,37.75373735,128.8990508,126,130,103.1746032
강북북부시장,서울강북구,번1동,37.63623599,127.0303422,50,13,26
강진시장,전북임실군,강진면,35.52906902,127.161038,23,1,4.347826087
강진읍시장,전남강진군,강진읍,34.6403433,126.7741164,84,68,80.95238095
강화풍물시장,인천강화군,강화읍,37.74142155,126.4928692,183,142,77.59562842
개금골목시장,부산부산진구,개금1동,35.1518328,129.0247937,195,97,49.74358974
개금큰시장,부산부산진구,개금1동,35.14853427,129.0178858,67,3,4.47761194
개봉중앙시장,서울구로구,개봉2동,37.49178393,126.8540716,21,15,71.42857143
개봉프라자,서울구로구,고척2동,37.50195711,126.8511199,98,3,3.06122449
거성시장,부산연제구,거제2동,35.19000574,129.0682199,19,4,21.05263158
거제시장,부산연제구,거제3동,35.18188886,129.0726611,84,56,66.66666667
건천시장,경북경주시,건천읍,35.84830099,129.1048106,40,20,50
결초보은시장(구 보은종합시장),충북보은군,보은읍,36.48292036,127.7193209,113,51,45.13274336
경동광성상가,서울동대문구,제기동,37.58099105,127.0388095,102,78,76.47058824
경동시장,서울동대문구,제기동,37.57878423,127.0396587,678,327,48.2300885
경산공설시장,경북경산시,중앙동,35.82051858,128.7357579,204,160,78.43137255
경주성동공설시장,경북경주시,황오동,35.84554647,129.2162805,587,201,34.24190801
경주중앙시장,경북경주시,성건동,35.84396049,129.2067453,716,176,24.58100559
경창상가,경남창원시 ,중앙동,35.22016512,128.6793262,72,12,16.66666667
경창시장,서울양천구,신월2동,37.52493416,126.8421214,50,69,138
경화시장,경남창원시 ,경화동,35.15659522,128.6863693,143,52,36.36363636
계산시장,인천계양구,계산1동,37.5392795,126.7248527,119,122,102.5210084
계양산전통시장,인천계양구,계양2동,37.54845862,126.7392428,124,117,94.35483871
고덕시장,충남예산군,고덕면,36.7439262,126.7052143,30,2,6.666666667
고령대가야시장,경북고령군,대가야읍,35.72730911,128.2666727,105,95,90.47619048
고성시장,경남고성군,고성읍,34.97730013,128.3230484,320,189,59.0625
고성오일시장,제주서귀포시,성산읍,33.45186232,126.9128147,68,4,5.882352941
고척골목시장상점가,서울구로구,고척1동,37.5033751,126.8627093,67,43,64.17910448
고척근린시장,서울구로구,고척2동,37.50195711,126.8511199,69,67,97.10144928
고한구공탄시장(고한시장),강원정선군,고한읍,37.20132181,128.8540542,85,79,92.94117647
고흥전통시장,전남고흥군,고흥읍,34.60835694,127.2866005,121,52,42.97520661
곤양종합시장,경남사천시,곤양면,35.05653289,127.9633464,45,1,2.222222222
골드테마거리,부산부산진구,범천1동,35.14193851,129.0597745,324,154,47.5308642
공덕시장,서울마포구,공덕동,37.54479479,126.9532582,170,26,15.29411765
공릉동도깨비시장,서울노원구,공릉1동,37.62269037,127.0762493,106,123,116.0377358
공주산성시장,충남공주시,웅진동,36.45881772,127.1226143,560,316,56.42857143
공항시장,대구동구,지저동,35.89639261,128.6382422,62,9,14.51612903
과역전통시장,전남고흥군,과역면,34.67945246,127.3622598,35,24,68.57142857
과천새서울프라자시장,경기과천시,별양동,37.42682749,126.9925561,175,91,52
관고전통시장,경기이천시,관고동,37.28081972,127.4403608,127,103,81.1023622
관문상가시장,대구남구,대명11동,35.83654368,128.5572814,297,187,62.96296296
관악신사시장,서울관악구,신사동,37.48679165,126.9170725,104,91,87.5
관악종합시장,서울관악구,신원동,37.48157679,126.9280632,56,3,5.357142857
관촌시장,전북임실군,관촌면,35.67878053,127.2676801,34,3,8.823529412
광덕시장,대구남구,대명9동,35.8371932,128.5824169,100,17,17
광명새마을시장,경기광명시,광명6동,37.47365412,126.8513997,148,102,68.91891892
광명전통시장,경기광명시,광명3동,37.47994816,126.8561647,315,235,74.6031746
광안시장,부산수영구,광안4동,35.16011763,129.1124667,60,10,16.66666667
광양5일시장,전남광양시,광양읍,34.9711607,127.5904533,99,189,190.9090909
광영상설시장,전남광양시,광영동,34.96144588,127.7203697,42,29,69.04761905
광장시장,서울종로구,종로1.2.3.4가동,37.57011251,126.9997072,300,345,115
광천원동시장,충남홍성군,광천읍,36.50232535,126.6250108,161,1,0.621118012
광천전통시장,충남홍성군,광천읍,36.49983774,126.6252464,175,77,44
광희패션몰,서울중구,신당동,37.56867293,127.0119155,1190,15,1.260504202
괴정골목시장,부산사하구,괴정3동,35.0993329,128.9937058,152,161,105.9210526
구례5일시장,전남구례군,구례읍,35.21015153,127.4700805,163,36,22.08588957
구례상설시장,전남구례군,구례읍,35.20962446,127.4657567,39,21,53.84615385
구로시장,서울구로구,구로4동,37.48963005,126.8856198,159,101,63.52201258
구룡포시장,경북포항시 ,구룡포읍,35.99031517,129.5540012,125,130,104
구리전통시장,경기구리시,수택1동,37.5995428,127.1399042,308,240,77.92207792
구매탄시장,경기수원시 ,매탄1동,37.27260368,127.0419177,128,64,50
구미공단종합시장,경북구미시,비산동,36.12063634,128.3715356,51,2,3.921568627
구미산업유통단지,경북구미시,진미동,36.10987823,128.4026464,729,29,3.978052126
구미새마을중앙시장,경북구미시,원평동,36.13084551,128.3297837,228,136,59.64912281
구미종합상가,경북구미시,원평동,36.13051139,128.3304388,60,10,16.66666667
구미파크시장,경북구미시,도량동,36.14936026,128.3254714,30,6,20
구서오시게시장,부산금정구,구서1동,35.24735756,129.0897741,93,56,60.21505376
구암시장,경남창원시,구암2동,35.24953898,128.5996435,60,14,23.33333333
구암현대시장,경남창원시,구암1동,35.24823512,128.5907276,55,20,36.36363636
구역전시장,울산중구,학성동,35.55730008,129.3284132,81,178,219.7530864
구월도매전통시장,인천남동구,구월3동,37.44324579,126.7052205,77,61,79.22077922
구월시장,인천남동구,구월4동,37.4528675,126.7204956,145,119,82.06896552
구포축산물도매시장,부산북구,구포2동,35.19619458,128.9892003,205,103,50.24390244
국민시장,부산동래구,사직2동,35.19840108,129.0582333,78,37,47.43589744
군산공설시장,전북군산시,중앙동,35.98317106,126.7203245,285,186,65.26315789
군산수산물종합센터,전북군산시,해신동,35.99398528,126.7047418,150,95,63.33333333
군산신영시장,전북군산시,중앙동,35.98561509,126.72012,82,68,82.92682927
군산주공시장,전북군산시,나운1동,35.9657729,126.6954398,43,73,169.7674419
굴비골영광시장(구 영광매일시장),전남영광군,영광읍,35.27512831,126.5123229,65,26,40
권선종합시장,경기수원시,권선1동,37.25609894,127.0245796,109,59,54.12844037
금광시장,경기성남시,금광2동,37.45003252,127.1599062,22,4,18.18181818
금남시장,서울성동구,금호2.3가동,37.54862725,127.0230332,104,78,75
금사제일상가시장,부산금정구,금사회동동,35.22043665,129.1124628,32,1,3.125
금산인삼전통시장,충남금산군,금산읍,36.10045936,127.4921845,69,1,1.449275362
금성상가시장,부산동래구,온천2동,35.20817586,129.0719427,14,14,100
금오시장,경북구미시,원평동,36.12611188,128.3406025,258,1,0.387596899
금촌명동로시장,경기파주시,금촌1동,37.76330449,126.7733603,80,37,46.25
금촌문화로시장,경기파주시,금촌1동,37.76224813,126.7748779,116,74,63.79310345
금촌전통시장,경기파주시,금촌1동,37.76261525,126.7738771,98,94,95.91836735
금호공설시장,경북영천시,금호읍,35.93166871,128.8733581,43,18,41.86046512
금호행복시장(금호시장),경기성남시,수내1동,37.37666085,127.1162393,166,125,75.30120482
기장시장,부산기장군,기장읍,35.24406017,129.215363,149,155,104.0268456
길동복조리시장,서울강동구,길동,37.53753608,127.1435606,166,156,93.97590361
길음시장,서울성북구,길음1동,37.60278063,127.021592,138,54,39.13043478
김제전통시장,전북김제시,요촌동,35.80162083,126.8837192,75,68,90.66666667
김해전통시장(김해동상시장),경남김해시,동상동,35.23623779,128.8838588,170,119,70
까치산시장,서울강서구,화곡8동,37.53153099,126.8478603,138,112,81.15942029
남광시장,부산남구,대연4동,35.12392263,129.0887175,57,28,49.12280702
남광주시장,광주동구,학동,35.13929961,126.9208104,220,181,82.27272727
남광주해뜨는시장,광주동구,학동,35.13896306,126.9212522,61,39,63.93442623
남구로시장,서울구로구,구로2동,37.49020847,126.8864324,184,172,93.47826087
남대문시장,서울중구,회현동,37.55918636,126.9776537,5400,757,14.01851852
남동산업용품상가,인천남동구,논현고잔동,37.40694648,126.693402,620,13,2.096774194
남목전통시장,울산동구,남목3동,35.54272388,129.4273867,121,103,85.12396694
남부골목시장,서울강서구,화곡4동,37.5322382,126.8607298,153,152,99.34640523
남부시장,대구남구,대명1동,35.84140252,128.5769294,93,20,21.50537634
남부시장,경북포항시,상대동,36.01262688,129.3561426,52,20,38.46153846
남부종합시장,서울서초구,방배본동,37.49499219,126.9848056,134,1,0.746268657
남원공설시장,전북남원시,금동,35.40461666,127.3758683,135,121,89.62962963
남원인월시장,전북남원시,인월면,35.46153231,127.6020919,45,25,55.55555556
남창옹기종기시장,울산울주군,온양읍,35.41668686,129.2827813,21,178,847.6190476
남천해변시장,부산수영구,남천1동,35.13915613,129.1090408,160,76,47.5
남평5일시장,전남나주시,남평읍,35.04582181,126.8415403,42,27,64.28571429
남평화시장,서울중구,신당동,37.5691712,127.010836,500,18,3.6
남포동건어물도매시장,부산중구,남포동,35.09683833,129.0347275,127,124,97.63779528
남항시장,부산영도구,영선1동,35.08890761,129.0422626,252,213,84.52380952
내수전통시장,충북청주시,내수읍,36.72626729,127.5360081,80,46,57.5
내토전통시장,충북제천시,중앙동,37.13735446,128.2124103,60,66,110
녹동전통시장,전남고흥군,도양읍,34.52787725,127.1383371,72,65,90.27777778
논공중앙시장,대구달성군,논공읍,35.72840144,128.4465752,60,14,23.33333333
능주전통시장,전남화순군,능주면,34.99091444,126.9593707,48,22,45.83333333
단계시장,경남산청군,신등면,35.37711924,128.011143,24,5,20.83333333
단양구경시장(단양인정시장),충북단양군,단양읍,36.98249125,128.3699808,120,109,90.83333333
달서송림시장,대구달서구,본동,35.83686121,128.5470721,45,1,2.222222222
달서시장,대구달서구,본리동,35.84019458,128.5442419,215,161,74.88372093
답십리시장,서울동대문구,답십리2동,37.57319423,127.0580659,56,27,48.21428571
답십리현대시장,서울동대문구,답십리2동,37.5667821,127.0586488,101,46,45.54455446
당감골목시장,부산부산진구,당감1동,35.16328299,129.0408703,125,81,64.8
당감새시장,부산부산진구,당감1동,35.16506067,129.0421399,121,100,82.6446281
당감시장,부산부산진구,당감1동,35.16391095,129.0418361,43,7,16.27906977
당리시장,부산사하구,당리동,35.10546653,128.9753522,52,7,13.46153846
당진전통시장,충남당진시,당진1동,36.88993079,126.6296071,218,140,64.22018349
대곡시장,대구달서구,도원동,35.80758305,128.5354588,77,28,36.36363636
대곡시장,경남진주시,대곡면,35.26370062,128.1685559,15,28,186.6666667
대구능금시장,대구북구,칠성동,35.87714991,128.6019681,136,134,98.52941176
대구예전우시장,대구달서구,두류1.2동,35.85853624,128.5620318,56,39,69.64285714
대구청과시장,대구북구,칠성동,35.87702959,128.6039134,116,66,56.89655172
대동그린코아상가,경남창원시,반송동,35.24497351,128.6698901,72,17,23.61111111
대동씨코아상가시장,경남창원시,월영동,35.1797591,128.5624756,120,16,13.33333333
대동중앙상가,경남창원시,팔룡동,35.25360735,128.6158353,41,14,34.14634146
대림골목시장,서울은평구,응암3동,37.58791373,126.9175082,76,69,90.78947368
대림시장,서울은평구,응암3동,37.58653706,126.9175785,65,51,78.46153846
대림중앙시장,서울영등포구,대림2동,37.49038353,126.9012678,91,62,68.13186813
대명시장,대구남구,대명3동,35.85840896,128.5771651,131,91,69.46564885
대명신시장,대구남구,대명3동,35.85802009,128.576886,118,6,5.084745763
대명여울빛거리시장,서울금천구,시흥1동,37.45277308,126.9016494,238,49,20.58823529
대명중앙시장,대구남구,대명6동,35.83680695,128.5677075,70,15,21.42857143
대산전통시장,전북고창군,대산면,35.34010712,126.5989791,70,1,1.428571429
대산종합시장,충남서산시,대산읍,36.93800454,126.4339429,64,11,17.1875
대소시장,충북음성군,대소면,36.9665446,127.4850192,137,21,15.32846715
대송농수산물시장,울산동구,대송동,35.49920876,129.4206489,90,92,102.2222222
대신시장,서울영등포구,신길1동,37.51115621,126.9175856,202,54,26.73267327
대신시장,부산서구,동대신1동,35.1103293,129.0197017,100,54,54
대연시장,부산남구,대연5동,35.13567985,129.0884212,69,3,4.347826087
대원종합시장,서울강서구,화곡3동,37.54448674,126.8364753,40,1,2.5
대인시장,광주동구,충장동,35.15401255,126.9165339,299,160,53.51170569
대전도매시장,대전동구,중앙동,36.3302023,127.4329191,118,40,33.89830508
대조시장,서울은평구,대조동,37.6093215,126.9276,105,99,94.28571429
대천항종합수산물시장,충남보령시,대천5동,36.32660911,126.5061075,136,127,93.38235294
대평리시장,대구서구,평리3동,35.87801117,128.5589346,75,44,58.66666667
덕계종합상설시장,경남양산시,덕계동,35.36975076,129.147156,138,67,48.55072464
덕산시장,경남산청군,시천면,35.27703295,127.8377441,28,5,17.85714286
덕산시장,충남예산군,덕산면,36.7049773,126.6681573,50,5,10
덕신1차시장,울산울주군,온산읍,35.43524439,129.3093518,53,2,3.773584906
덕신2차시장,울산울주군,온산읍,35.42934852,129.3100225,24,4,16.66666667
덕이동패션1번지,경기고양시,덕이동,37.69302055,126.755787,72,27,37.5
덕천시장,부산북구,덕천1동,35.21121581,129.0134028,112,4,3.571428571
덕풍전통시장,경기하남시,덕풍3동,37.54153872,127.202919,140,119,85
도계전두시장,강원삼척시,도계읍,37.22913387,129.0428102,46,12,26.08695652
도깨비시장,전남여수시,쌍봉동,34.7633188,127.6565389,77,29,37.66233766
도남시장,제주제주시,이도2동,33.49681229,126.5284042,99,38,38.38383838
도마큰시장,대전서구,도마1동,36.31580602,127.3813666,465,271,58.27956989
도원시장,대구달서구,도원동,35.8075801,128.5367189,54,14,25.92592593
도일시장,경기시흥시,군자동,37.339515,126.7840757,56,39,69.64285714
돈암시장,서울성북구,삼선동,37.5916663,127.0157124,106,109,102.8301887
동곡공설시장,경북청도군,금천면,35.69206183,128.8910766,63,7,11.11111111
동남상가,서울영등포구,영등포동,37.52059746,126.9056598,73,5,6.849315068
동대구시장,대구북구,대현동,35.88107854,128.6090909,83,10,12.04819277
동대구신시장,대구북구,대현동,35.88219144,128.6097908,103,69,66.99029126
동대구역전시장,대구동구,신천3동,35.87430058,128.6205677,35,12,34.28571429
동대문종합시장,서울종로구,종로5.6가동,37.57070649,127.0073287,4300,55,1.279069767
동대신1동골목시장,부산서구,동대신1동,35.11030807,129.0191909,50,11,22
동두천제일시장,경기동두천시,중앙동,37.90517392,127.0522232,47,4,8.510638298
동두천큰시장,경기동두천시,생연2동,37.90049061,127.0520741,104,85,81.73076923
동마산시장,경남창원시,합성2동,35.24003661,128.5875449,130,43,33.07692308
동문시장㈜,서울종로구,창신1동,37.57051095,127.011128,320,74,23.125
동방시장,부산수영구,민락동,35.15912351,129.1212751,30,1,3.333333333
동부시장,서울동대문구,답십리1동,37.56757575,127.0522092,30,61,203.3333333
동부시장,인천동구,송림6동,37.47699808,126.6452481,54,61,112.962963
동부시장,광주북구,중흥3동,35.17388593,126.916337,35,61,174.2857143
동부시장,충남보령시,대천1동,36.34936363,126.597,57,61,107.0175439
동부시장,인천동구,송림6동,37.47748725,126.6461237,279,61,21.86379928
동부종합상가,경남진주시,상대동,35.18704474,128.1162092,68,6,8.823529412
동산상가,대구중구,대신동,35.86895466,128.5817199,816,568,69.60784314
동서시장,서울동대문구,제기동,37.57972596,127.0412215,43,103,239.5348837
동서시장,대구동구,신암5동,35.88820415,128.6333701,82,103,125.6097561
동성시장,대구수성구,수성2.3가동,35.85565852,128.6169564,99,6,6.060606061
동성타워프라자,서울중랑구,신내1동,37.6080276,127.0972055,83,9,10.84337349
동송시장,강원철원군,동송읍,38.20880978,127.218876,39,33,84.61538462
동송전통시장,강원철원군,동송읍,38.2089011,127.2192783,142,68,47.88732394
동신종합시장,경기성남시,수내2동,37.37062313,127.1229661,90,5,5.555555556
동울산종합시장,울산동구,전하2동,35.50883074,129.4254286,68,107,157.3529412
동원전통종합시장,서울중랑구,면목본동,37.5898242,127.092107,127,130,102.3622047
동진시장,서울마포구,연남동,37.56237655,126.9267634,19,1,5.263157895
동평새시장,부산부산진구,당감1동,35.16666694,129.0408872,65,13,20
동해남부재래시장,강원동해시,북삼동,37.48761131,129.1035481,208,73,35.09615385
두류신시장,대구달서구,성당동,35.84527483,128.5462249,82,12,14.63414634
두류종합시장,대구달서구,성당동,35.84549251,128.5451423,110,23,20.90909091
두암시장,광주북구,두암1동,35.1715782,126.9293897,37,12,32.43243243
두호1시장,경북포항시,우창동,36.06174372,129.36936,43,13,30.23255814
둔촌역전통시장,서울강동구,성내3동,37.52805886,127.1349692,125,101,80.8
등마루시장,서울강서구,등촌1동,37.55666003,126.8602651,60,1,1.666666667
뚝도시장,서울성동구,성수2가1동,37.53780064,127.054827,133,34,25.56390977
롯데종합상가,경남창원시,용지동,35.2340375,128.685432,75,2,2.666666667
마로관기시장(관기재래시장),충북보은군,마로면,36.43524313,127.8175961,40,14,35
마산수산시장,경남창원시,오동동,35.20181664,128.5789097,240,135,56.25
마산어시장,경남창원시,오동동,35.20376172,128.578956,669,492,73.5426009
마산역번개시장,경남창원시,석전동,35.2357753,128.5787978,79,46,58.2278481
마장축산물시장,서울성동구,마장동,37.57068248,127.0412753,1900,403,21.21052632
마천시장,서울송파구,마천2동,37.49808049,127.1506963,69,47,68.11594203
마천시장,경남창원시,웅동1동,35.12538771,128.7828095,24,47,195.8333333
마천전통시장,경남함양군,마천면,35.3956493,127.6626812,11,1,9.090909091
마천중앙시장,서울송파구,마천2동,37.4984143,127.1513355,139,128,92.08633094
마포농수산물시장,서울마포구,성산2동,37.56519935,126.8984828,121,105,86.7768595
마포시장,서울마포구,공덕동,37.54539208,126.9533186,90,8,8.888888889
만덕2동제일상가시장,부산북구,만덕2동,35.20223944,129.0361289,47,12,25.53191489
만덕시장,부산북구,만덕1동,35.21449706,129.0353711,47,17,36.17021277
만물의거리시장,부산중구,광복동,35.10148926,129.0285474,77,25,32.46753247
만수시장,인천남동구,만수2동,37.45998255,126.732151,68,57,83.82352941
말바우시장,광주북구,우산동,35.17297793,126.9213607,515,405,78.6407767
망미삼성상가시장,부산수영구,망미1동,35.16860867,129.1008259,20,1,5
망미새상가시장,부산수영구,망미1동,35.17361624,129.1007557,32,3,9.375
망미종합시장,부산수영구,망미1동,35.17180242,129.1035626,18,1,5.555555556
망미중앙시장,부산수영구,망미2동,35.17236834,129.1093334,106,83,78.30188679
망원동월드컵시장,서울마포구,망원2동,37.55873145,126.9050809,50,44,88
망원시장,서울마포구,망원1동,37.55715742,126.9059941,79,81,102.5316456
매산시장,경기수원시,매산동,37.26457142,127.0033544,103,63,61.16504854
매포전통시장(매포재래시장),충북단양군,매포읍,37.03422045,128.2990703,62,48,77.41935484
면목골목시장,서울중랑구,면목7동,37.57748534,127.0844361,93,24,25.80645161
명곡종합상가,경남창원시,명곡동,35.2484874,128.6462193,92,1,1.086956522
명덕시장,대구남구,대명5동,35.84479575,128.5882688,42,11,26.19047619
명일전통시장,서울강동구,명일1동,37.54953208,127.1449535,90,78,86.66666667
명장시장,부산동래구,명장1동,35.20401286,129.1074835,46,8,17.39130435
명지시장,부산강서구,명지1동,35.11254126,128.931598,115,17,14.7826087
모라전통시장,부산사상구,모라1동,35.18763087,128.9874369,83,50,60.24096386
모란전통기름시장,경기성남시,성남동,37.43090769,127.1280077,120,33,27.5
모란종합시장,경기성남시,성남동,37.43033963,127.1288869,120,25,20.83333333
목2동시장,서울양천구,목2동,37.5460499,126.8738866,96,17,17.70833333
목련시장,대구동구,안심1동,35.86998236,128.7046611,64,33,51.5625
목포종합수산시장,전남목포시,동명동,34.78777034,126.3898732,131,62,47.32824427
목행시장,충북충주시,목행.용탄동,37.01395118,127.9173276,105,28,26.66666667
못골골목시장,부산남구,대연5동,35.13586148,129.0896366,150,96,64
무극시장,충북음성군,금왕읍,36.99267767,127.5960038,119,46,38.65546218
무등시장,광주남구,주월2동,35.13592608,126.8945422,65,78,120
무안전통시장,전남무안군,무안읍,34.99348701,126.4724275,64,54,84.375
무주시장(반딧불장터),전북무주군,무주읍,36.00465093,127.6535323,47,64,136.1702128
문경전통시장,경북문경시,문경읍,36.7355833,128.1074789,80,61,76.25
문경중앙시장,경북문경시,점촌3동,36.60139983,128.2042579,135,131,97.03703704
문막시장,강원원주시,문막읍,37.30603623,127.8153591,71,18,25.35211268
문산자유시장,경기파주시,문산읍,37.85672748,126.7839421,116,87,75
미금현대벤처빌시장,경기성남시,구미1동,37.3492844,127.1117738,123,66,53.65853659
미나리광시장,경기수원시,지동,37.27727659,127.0196391,60,50,83.33333333
미래그린시장,경기성남시,서현2동,37.37341644,127.1380364,98,9,9.183673469
미래타운제2종합시장,경기성남시,서현2동,37.37225503,127.1388711,60,6,10
민락골목시장,부산수영구,민락동,35.15760964,129.1236523,78,69,88.46153846
민락씨랜드시장,부산수영구,민락동,35.15697403,129.1263963,55,30,54.54545455
민락어패류시장,부산수영구,민락동,35.1556955,129.1243511,48,25,52.08333333
민락회타운시장,부산수영구,민락동,35.15516031,129.1186411,45,32,71.11111111
박달재전통시장,충북제천시,백운면,37.13854939,128.0217787,41,24,58.53658537
반구시장,울산중구,반구1동,35.55806103,129.3442422,78,73,93.58974359
반송골목시장,부산해운대구,반송1동,35.22428809,129.1503333,79,32,40.50632911
반송시장,부산해운대구,반송1동,35.22647416,129.14805,22,126,572.7272727
반송시장,경남창원시,반송동,35.23513386,128.6710497,132,126,95.45454545
반야월종합시장,대구동구,안심1동,35.87240606,128.7024484,91,14,15.38461538
반여2동상가시장,부산해운대구,반여2동,35.1960262,129.1290477,85,38,44.70588235
반여3동골목시장,부산해운대구,반여3동,35.19993941,129.1320531,60,32,53.33333333
반여시장,부산해운대구,반여2동,35.1977028,129.1334271,145,17,11.72413793
방산종합시장,서울중구,을지로동,37.56872417,127.0008056,1240,25,2.016129032
방신전통시장,서울강서구,방화1동,37.57150834,126.812647,94,86,91.4893617
방이시장,서울송파구,방이2동,37.50995241,127.1178662,136,120,88.23529412
방천시장,대구중구,대봉1동,35.86223722,128.6059327,70,29,41.42857143
방촌시장,대구동구,방촌동,35.88130152,128.6644272,98,67,68.36734694
방학동도깨비시장,서울도봉구,방학2동,37.66594127,127.0362062,88,94,106.8181818
백련시장,서울서대문구,남가좌2동,37.57700143,126.923101,66,17,25.75757576
백운시장,서울도봉구,쌍문1동,37.65549577,127.0148849,54,22,40.74074074
번개시장,대구중구,성내1동,35.87508929,128.5981311,120,128,106.6666667
벌교5일시장,전남보성군,벌교읍,34.84493765,127.3450787,57,10,17.54385965
벌교매일시장,전남보성군,벌교읍,34.84301489,127.3459933,90,21,23.33333333
범일골목시장,부산동구,범일1동,35.14178489,129.0554918,80,16,20
범한프라자시장,경기성남시,서현2동,37.3716295,127.1394444,87,31,35.63218391
법동시장,대전대덕구,법2동,36.36622464,127.4315733,74,46,62.16216216
병영시장,울산중구,병영1동,35.57055945,129.3462928,65,16,24.61538462
보광시장,서울용산구,보광동,37.52719632,127.0002892,27,10,37.03703704
보령중앙시장,충남보령시,대천2동,36.35108759,126.5932002,117,90,76.92307692
보령한내시장,충남보령시,대천1동,36.34962615,126.5958262,72,86,119.4444444
보성매일시장,전남보성군,보성읍,34.76817999,127.0806187,30,20,66.66666667
보성시장,제주제주시,이도1동,33.50336755,126.5278976,61,26,42.62295082
보수종합시장,부산중구,보수동,35.10421143,129.0218075,72,36,50
보은전통시장,충북보은군,보은읍,36.48430017,127.7201148,49,34,69.3877551
복대가경시장,충북청주시,복대2동,36.62951788,127.4432633,84,67,79.76190476
복이있는덕포시장,부산사상구,덕포1동,35.17128103,128.9822553,175,92,52.57142857
봉곡프라자상가,경남창원시,봉림동,35.24543957,128.6595184,90,40,44.44444444
봉덕시장,대구남구,봉덕1동,35.84571081,128.6036912,70,2,2.857142857
봉덕신시장,대구남구,봉덕1동,35.84510444,128.603414,251,142,56.57370518
봉선시장,광주남구,봉선1동,35.12905105,126.9100024,64,61,95.3125
봉일시장,서울관악구,은천동,37.48592467,126.9383804,24,3,12.5
봉천제일종합시장,서울관악구,청룡동,37.48124954,126.9444156,30,18,60
봉천중앙시장,서울관악구,중앙동,37.48419585,126.9543274,30,6,20
봉천현대시장,서울관악구,은천동,37.48643059,126.946515,32,11,34.375
봉화내성시장,경북봉화군,봉화읍,36.88890469,128.7389555,138,52,37.68115942
봉화상설시장,경북봉화군,봉화읍,36.89013645,128.7355094,136,75,55.14705882
봉화춘양시장(춘양시장),경북봉화군,춘양면,36.93636899,128.913044,134,64,47.76119403
부곡도깨비시장,경기의왕시,부곡동,37.31946613,126.9507058,116,75,64.65517241
부곡상가시장,부산금정구,부곡1동,35.22548538,129.0915165,136,36,26.47058824
부곡시장,경북김천시,대곡동,36.12549303,128.1044451,21,1,4.761904762
부림상시장,경남창원시,오동동,35.2057733,128.5724461,60,6,10
부산남문시장,부산동구,범일2동,35.13592461,129.058687,192,137,71.35416667
부산산업용재유통상가,부산사상구,감전동,35.15328083,128.9809673,841,2,0.237812128
부산산업용품상협동조합,부산사상구,괘법동,35.15975522,128.9804344,1006,11,1.093439364
부산새벽시장,부산사상구,감전동,35.15414273,128.9824317,295,252,85.42372881
부산자갈밭시장,부산중구,남포동,35.09661378,129.0305837,61,36,59.01639344
부산자유시장,부산동구,범일2동,35.14097365,129.0610402,1776,351,19.76351351
부산전자종합시장,부산부산진구,부전1동,35.16375165,129.0624353,135,70,51.85185185
부산진시장,부산동구,범일2동,35.13642339,129.0588362,1070,732,68.41121495
부산평화시장,부산부산진구,범천1동,35.14169728,129.0606748,900,370,41.11111111
부안상설시장,전북부안군,부안읍,35.72710128,126.7329521,190,122,64.21052632
부여시장,충남부여군,부여읍,36.28149441,126.9075581,100,30,30
부여중앙시장,충남부여군,부여읍,36.28191921,126.9121888,72,51,70.83333333
부전기장골목시장,부산부산진구,부전1동,35.16220022,129.0612385,60,20,33.33333333
부전농수산물새벽시장,부산부산진구,부전1동,35.16225251,129.0583022,330,242,73.33333333
부전인삼시장,부산부산진구,부전1동,35.16323429,129.0609058,60,45,75
부천상동시장,경기부천시,중동,37.49235707,126.7642708,132,163,123.4848485
부천자유시장,경기부천시,대산동,37.4841112,126.7799422,277,195,70.39711191
부천한신시장,경기부천시,소사본동,37.47482997,126.7990337,94,81,86.17021277
부평종합시장,인천부평구,부평4동,37.49649796,126.7266188,200,245,122.5
북동공설시장,경남창원시,의창동,35.26618055,128.6206956,45,4,8.888888889
북마산가구시장,경남창원시,오동동,35.2089946,128.5727859,60,42,70
북마산중앙시장,경남창원시,교방동,35.21603536,128.5711735,210,5,2.380952381
북문시장,경북안동시,중구동,36.56852384,128.7326141,84,26,30.95238095
북신전통시장,경남통영시,북신동,34.85415526,128.4275309,137,123,89.7810219
북원상가시장,강원원주시,태장2동,37.38437866,127.9488481,141,8,5.673758865
분당우성시장,경기성남시,서현1동,37.37818238,127.1323819,81,4,4.938271605
분당종합시장,경기성남시,수내3동,37.36718028,127.1267485,44,2,4.545454545
불국시장,경북경주시,불국동,35.77599964,129.3008003,34,4,11.76470588
불로전통시장,대구동구,안심2동,35.87461007,128.6889732,100,42,42
비단길현대시장,서울금천구,시흥1동,37.45772651,126.9048774,228,205,89.9122807
비아5일시장,광주광산구,비아동,35.22135768,126.8252661,52,26,50
사가정시장,서울중랑구,면목3.8동,37.58108117,127.0893792,135,74,54.81481481
사강시장,경기화성시,송산면,37.21330187,126.7360036,352,153,43.46590909
사당시장,서울동작구,사당4동,37.48288276,126.9753375,18,9,50
사상시장,부산사상구,괘법동,35.16665715,128.9855085,205,55,26.82926829
사직시장,부산동래구,사직1동,35.20005591,129.0623187,140,88,62.85714286
사직시장,충북청주시,사직1동,36.63614325,127.4768684,56,88,157.1428571
사천읍시장,경남사천시,사천읍,35.08405911,128.0890111,115,68,59.13043478
사파동성종합상가,경남창원시,사파동,35.21947669,128.7021885,106,24,22.64150943
사하시장,부산사하구,괴정4동,35.0983507,128.986461,80,18,22.5
산격종합시장,대구북구,산격3동,35.89863699,128.6103517,300,31,10.33333333
산수시장,광주동구,산수1동,35.15348678,126.9297328,82,35,42.68292683
산업용재관,대구북구,산격2동,35.90496577,128.6063956,1062,151,14.21845574
산청시장,경남산청군,산청읍,35.41530189,127.8762282,101,31,30.69306931
산호시장,경남창원시,산호동,35.21837357,128.581716,71,5,7.042253521
삼가시장,경남합천군,삼가면,35.41281461,128.122283,96,2,2.083333333
삼구시장,서울영등포구,영등포동,37.52014415,126.9057495,59,5,8.474576271
삼례시장,전북완주군,삼례읍,35.91050259,127.0736728,60,67,111.6666667
삼성시장,대구북구,칠성동,35.8778191,128.6034802,60,58,96.66666667
삼성시장,충북음성군,삼성면,37.01800907,127.4991977,78,58,74.35897436
삼승원남시장(원남재래시장),충북보은군,삼승면,36.39692129,127.7331449,58,2,3.448275862
삼익비치A상가시장,부산수영구,남천2동,35.14375309,129.1153663,110,12,10.90909091
삼익비치B상가시장,부산수영구,남천2동,35.14579319,129.1149654,111,4,3.603603604
삼익패션타운,서울중구,회현동,37.56043529,126.9789566,1062,224,21.09227872
삼척번개시장,강원삼척시,남양동,37.43090508,129.1785784,36,6,16.66666667
삼척중앙시장,강원삼척시,남양동,37.44210346,129.1646216,261,146,55.93869732
삼천포전통수산시장,경남사천시,동서동,34.927174,128.069893,66,18,27.27272727
삼천포종합시장,경남사천시,동서금동,34.93234419,128.0785447,168,27,16.07142857
삼천포중앙시장,경남사천시,선구동,34.92892254,128.0767148,208,106,50.96153846
삽교시장,충남예산군,삽교읍,36.68729706,126.7407255,28,1,3.571428571
상계중앙시장,서울노원구,상계2동,37.65904916,127.0702768,64,66,103.125
상남시장,경남창원시,상남동,35.22221487,128.68338,588,190,32.31292517
상대원시장,경기성남시,상대원3동,37.4359794,127.1587721,185,47,25.40540541
상대종합시장,경북포항시,상대동,36.01993076,129.3611077,34,4,11.76470588
상도전통시장,서울동작구,상도1동,37.49967693,126.951537,73,54,73.97260274
상원시장,대구달서구,상인3동,35.80902715,128.5512851,70,20,28.57142857
상주중앙시장,경북상주시,남원동,36.41319406,128.1608304,184,92,50
새감만종합시장,부산남구,감만1동,35.1163335,129.0817109,30,1,3.333333333
새길시장,대구서구,내당2.3동,35.86503889,128.5715679,69,48,69.56521739
새마을시장,서울송파구,잠실본동,37.50908943,127.0849001,107,105,98.13084112
새영주시장,부산중구,영주1동,35.11270202,129.0363017,68,6,8.823529412
서교시장,서울마포구,서교동,37.55351606,126.9217154,63,5,7.936507937
서구시장,대구서구,평리3동,35.87393762,128.5556896,65,11,16.92307692
서귀포향토오일시장,제주서귀포시,동홍동,33.26778949,126.5737419,568,318,55.98591549
서남시장,대구달서구,죽전동,35.85436693,128.5451734,19,27,142.1052632
서남신시장,대구달서구,죽전동,35.85401333,128.5459007,140,157,112.1428571
서대구시장,대구달서구,두류1.2동,35.86059821,128.5706868,89,18,20.2247191
서대신1동골목시장,부산서구,서대신1동,35.10865755,129.0144325,50,7,14
서대신동골목시장,부산서구,서대신1동,35.11042114,129.0173205,107,48,44.85981308
서동시장,부산금정구,서3동,35.21641237,129.1023592,72,41,56.94444444
서동시장,울산중구,병영2동,35.5813415,129.3469788,80,41,51.25
서동시장,전북익산시,중앙동,35.94270522,126.9505513,62,41,66.12903226
서동전통골목시장,부산금정구,서3동,35.21528357,129.1022459,175,97,55.42857143
서동향토시장,부산금정구,서3동,35.21593693,129.1033546,153,80,52.2875817
서면시장,부산부산진구,부전2동,35.1556582,129.0581408,209,12,5.741626794
서면시장,경북경주시,서면,35.89506326,129.0480431,17,12,70.58823529
서면종합시장,부산부산진구,부전1동,35.16191514,129.0589849,260,61,23.46153846
서문시장4지구종합대체상가(베네시움),대구중구,성내2동,35.86673048,128.5827232,1220,28,2.295081967
서문시장건해산물상가,대구중구,대신동,35.8681429,128.5794878,100,116,116
서변중앙시장,대구북구,무태조야동,35.92100345,128.596176,65,49,75.38461538
서부시장,대구서구,비산2.3동,35.87330956,128.5720469,135,94,69.62962963
서부시장상점가(서부시장 통합),전북전주시,효자1동,35.8052372,127.1266628,150,115,76.66666667
서울약령시장,서울동대문구,제기동,37.58060041,127.0375866,1007,168,16.68321748
서울중앙시장,서울중구,황학동,37.56738265,127.0197632,216,90,41.66666667
서원시장,부산동래구,안락1동,35.20038828,129.0990191,53,22,41.50943396
서창시장,경남양산시,서창동,35.41625439,129.1720053,38,3,7.894736842
서천특화시장,충남서천군,서천읍,36.07502119,126.6868202,280,141,50.35714286
서호전통시장,경남통영시,명정동,34.84146179,128.4201162,240,195,81.25
석바위시장,인천미추홀구,주안6동,37.45917121,126.6916171,172,201,116.8604651
석수시장,경기안양시,석수2동,37.4128602,126.9079976,58,5,8.620689655
석촌시장,서울송파구,석촌동,37.50017287,127.1065252,60,50,83.33333333
선비골전통시장,경북영주시,영주1동,36.82424293,128.6231913,101,69,68.31683168
선우시장,울산중구,병영1동,35.57119003,129.3421097,68,63,92.64705882
섬유제품관,대구북구,산격2동,35.90627923,128.6096611,146,86,58.90410959
성곡종합시장,부산부산진구,초읍동,35.17476161,129.0480782,58,2,3.448275862
성남프라자,울산중구,중앙동,35.55451635,129.31755,131,67,51.14503817
성내전통시장,서울강동구,성내2동,37.53416804,127.1278893,82,73,89.02439024
성당시장,대구남구,대명4동,35.85016855,128.5729695,100,96,96
성대전통시장,서울동작구,상도3동,37.49921775,126.9308567,104,80,76.92307692
성서용산시장,대구달서구,용산2동,35.85513785,128.5213741,110,52,47.27272727
성주시장,경북성주군,성주읍,35.91446617,128.2851061,44,110,250
성환이화시장,충남천안시,성환읍,36.91810627,127.1309131,50,18,36
소계시장,경남창원시,의창동,35.25675858,128.5989657,72,17,23.61111111
소계옛길시장,경남창원시,의창동,35.25791345,128.5982669,57,13,22.80701754
소답시장,경남창원시,의창동,35.2657462,128.6207603,64,47,73.4375
소래포구전통어시장,인천남동구,논현1동,37.39819956,126.7393735,335,308,91.94029851
소사종합시장,경기부천시,소사본동,37.47911546,126.7942341,58,27,46.55172414
속초종합중앙시장,강원속초시,금호동,38.20452186,128.5901906,268,244,91.04477612
송경종합시장,대구달서구,송현1동,35.82709695,128.5516336,78,2,2.564102564
송남시장,부산서구,암남동,35.07851,129.0168309,100,3,3
송라시장,대구동구,신천1.2동,35.87448539,128.6153112,48,30,62.5
송정5일시장,광주광산구,송정2동,35.13707956,126.7969059,110,39,35.45454545
송정매일시장,광주광산구,송정2동,35.13744947,126.7968447,31,29,93.5483871
송지시장,경남밀양시,삼랑진읍,35.39686785,128.8371957,50,3,6
송촌시장,대전대덕구,송촌동,36.36462123,127.4397409,34,5,14.70588235
송현시장,인천동구,송현1.2동,37.47616144,126.6346428,103,57,55.33980583
송현자유시장,인천동구,송현1.2동,37.47590168,126.6330142,91,1,1.098901099
수성시장,대구수성구,수성2.3가동,35.85565487,128.6170064,98,10,10.20408163
수안인정시장,부산동래구,수민동,35.20149621,129.0865801,243,93,38.27160494
수암상가시장,울산남구,수암동,35.52697636,129.3207645,88,129,146.5909091
수암종합시장,울산남구,수암동,35.52747363,129.3208454,56,40,71.42857143
수유북부시장,서울강북구,인수동,37.63675807,127.016487,25,3,12
수유시장,서울강북구,수유1동,37.63072891,127.0226681,60,75,125
수유재래시장,서울강북구,수유1동,37.63153004,127.0223303,110,101,91.81818182
수유중앙시장,서울강북구,수유3동,37.64033675,127.0211763,40,11,27.5
수유프라자,서울강북구,수유1동,37.63169253,127.0234675,88,10,11.36363636
수정시장,부산동구,수정2동,35.12825843,129.0463919,69,3,4.347826087
수정전통시장,부산동구,수정2동,35.13011972,129.0463697,115,57,49.56521739
순창시장,전북순창군,순창읍,35.37186989,127.1450594,150,45,30
숭례문수입상가,서울중구,회현동,37.55937186,126.9762025,565,188,33.27433628
숭인시장,서울강북구,송천동,37.61314356,127.0294532,90,16,17.77777778
스타프라자전통시장,경기안산시,성포동,37.32081608,126.8447219,222,61,27.47747748
시흥삼미시장,경기시흥시,신천동,37.44040747,126.7838201,157,98,62.42038217
신거북시장,인천서구,석남2동,37.50328579,126.6729889,120,38,31.66666667
신곡종합시장,서울양천구,신월6동,37.518369,126.8431967,50,4,8
신기시장,인천미추홀구,주안7동,37.44689806,126.6782819,130,89,68.46153846
신내당시장,대구달서구,두류3동,35.854621,128.5538543,92,22,23.91304348
신녕공설시장,경북영천시,신녕면,36.04209096,128.7874685,51,12,23.52941176
신도봉시장,서울도봉구,도봉1동,37.67001525,127.0411237,25,5,20
신동아수산물종합시장,부산중구,남포동,35.09672134,129.0286701,520,81,15.57692308
신림종합시장,서울관악구,신사동,37.4846461,126.9170932,26,6,23.07692308
신림중앙시장,서울관악구,조원동,37.48314523,126.9114212,292,20,6.849315068
신림현대종합상가,서울관악구,서림동,37.47462652,126.9338049,89,1,1.123595506
신마산반월시장(반월시장),경남창원시,반월중앙동,35.18965944,128.5611826,80,5,6.25
신마산시장,경남창원시,월영동,35.18109688,128.5617023,94,22,23.40425532
신매시장,대구수성구,고산1동,35.83727992,128.7097215,178,112,62.92134831
신사상가,서울강남구,압구정동,37.53228798,127.028402,90,3,3.333333333
신산시장,제주제주시,일도2동,33.50603629,126.54198,50,1,2
신신림시장,서울관악구,삼성동,37.47066149,126.9321463,40,1,2.5
신아타운,서울중랑구,신내2동,37.60645263,127.094707,150,27,18
신안코아,경기안산시,본오2동,37.2950159,126.8645735,139,55,39.56834532
신안프라자전통시장,경기안산시,본오2동,37.29647466,126.8658209,103,57,55.33980583
신영주번개시장,경북영주시,휴천2동,36.81259373,128.6218764,37,15,40.54054054
신울산종합시장,울산중구,반구2동,35.56123791,129.3373619,50,15,30
신원시장,서울관악구,신원동,37.48206598,126.9273791,121,119,98.34710744
신응암시장,서울은평구,응암2동,37.5939075,126.9186943,52,31,59.61538462
신장전통시장,경기하남시,신장1동,37.53788732,127.2070276,79,69,87.34177215
신정상가시장,울산남구,신정1동,35.54300662,129.3101169,252,1,0.396825397
신정제일시장,서울양천구,신정1동,37.52084249,126.8535581,56,4,7.142857143
신중부시장,서울중구,광희동,37.56553374,126.9994062,749,187,24.96662216
신중앙시장,서울중구,황학동,37.56738265,127.0197632,114,73,64.03508772
신중앙시장,대전동구,중앙동,36.3272971,127.4336349,125,73,58.4
신중앙시장,전남목포시,원산동,34.81025503,126.3775244,144,73,50.69444444
신창상가,부산중구,광복동,35.10117897,129.0302005,194,105,54.12371134
신천지시장,부산중구,남포동,35.09705479,129.0278397,159,36,22.64150943
신철원시장,강원철원군,갈말읍,38.14472692,127.3100254,62,31,50
신탄진시장,대전대덕구,석봉동,36.44915342,127.4265065,230,30,13.04347826
신태인시장,전북정읍시,신태인읍,35.68472097,126.8878619,48,18,37.5
신평골목시장,부산사하구,신평1동,35.09108269,128.9771269,111,59,53.15315315
신평리시장,대구서구,평리4동,35.86809861,128.5606859,140,56,40
신평시장,경남양산시,하북면,35.49059837,129.0858571,30,3,10
신평전통시장,경북구미시,신평1동,36.12315891,128.3611464,79,17,21.51898734
신평종합시장,부산사하구,신평1동,35.09162211,128.9767093,102,1,0.980392157
신평화패션타운,서울중구,신당동,37.56945382,127.0110696,1266,262,20.69510269
신포시장,인천중구,신포동,37.47146219,126.627812,151,203,134.4370861
신흥시장,서울용산구,용산2가동,37.54532379,126.9850855,65,23,35.38461538
신흥시장,인천중구,신흥동,37.46606007,126.636624,66,23,34.84848485
신흥시장,경기부천시,오정동,37.51555596,126.77102,68,23,33.82352941
쌍봉시장,전남여수시,쌍봉동,34.76414801,127.6649751,29,3,10.34482759
아리랑거리,부산중구,광복동,35.10045748,129.0289689,229,43,18.77729258
아미시장,부산서구,아미동,35.0996515,129.0174795,37,7,18.91891892
아현시장,서울마포구,아현동,37.55640684,126.9550808,150,79,52.66666667
안강공설시장,경북경주시,안강읍,35.9903076,129.2217101,245,50,20.40816327
안동구시장,경북안동시,중구동,36.56581163,128.7278744,266,199,74.81203008
안락상가시장,부산동래구,안락2동,35.1954983,129.1033164,59,14,23.72881356
안산시시민시장,경기안산시,초지동,37.32537215,126.8050881,218,92,42.20183486
안산패션타운전통시장,경기안산시,사동,37.30498141,126.8446652,139,72,51.79856115
안성맞춤시장,경기안성시,안성2동,37.00663083,127.2703533,123,71,57.72357724
안성시장(덕유산장터),전북무주군,안성면,35.86656734,127.6537555,30,9,30
안양관양시장,경기안양시,관양1동,37.40522465,126.95931,106,98,92.45283019
안양남부시장,경기안양시,안양1동,37.39593462,126.9249532,180,126,70
안양중앙인정시장,경기안양시,안양4동,37.39648476,126.9195692,410,189,46.09756098
안의시장,경남함양군,안의면,35.62629824,127.8140336,30,2,6.666666667
안중시장,경기평택시,안중읍,36.9875362,126.928259,130,59,45.38461538
안지랑시장,대구남구,대명9동,35.83685644,128.5751543,135,6,4.444444444
암사종합시장,서울강동구,암사1동,37.5505465,127.1287154,113,126,111.5044248
야탑에이스코아시장,경기성남시,야탑2동,37.40950295,127.1259785,21,1,4.761904762
양곡시장,경기김포시,양촌읍,37.65446358,126.6238085,76,29,38.15789474
양곡종합상가,경남창원시,웅남동,35.20085109,128.628329,103,56,54.36893204
양남시장,경북경주시,양남면,35.67537996,129.4636507,92,7,7.608695652
양덕중앙시장,경남창원시,양덕1동,35.2326503,128.5842642,83,8,9.638554217
양동건어물시장,광주서구,양동,35.15316825,126.9033302,68,55,80.88235294
양동경열로시장,광주서구,양동,35.1536684,126.9008475,78,94,120.5128205
양동닭전길시장,광주서구,양동,35.15281861,126.9039961,180,80,44.44444444
양동복개상가,광주서구,양동,35.15359895,126.9039282,269,209,77.69516729
양동산업용품시장,광주서구,양동,35.15117135,126.906622,135,109,80.74074074
양북시장,경북경주시,문무대왕면,35.79041058,129.4412152,50,65,130
양산남부시장,경남양산시,중앙동,35.3424443,129.0372371,187,93,49.73262032
양산남부시장상가,경남양산시,양주동,35.34338923,129.0370453,115,117,101.7391304
양산북부시장,경남양산시,중앙동,35.35044919,129.0411959,129,43,33.33333333
양수리전통시장(양평양수리시장),경기양평군,양서면,37.54507225,127.3197946,108,28,25.92592593
양양전통시장,강원양양군,양양읍,38.07506325,128.6232929,68,76,111.7647059
양정시장,부산부산진구,양정1동,35.17276467,129.0697618,110,14,12.72727273
양정전통시장,부산부산진구,양정1동,35.17359419,129.069435,98,19,19.3877551
양평물맑은시장,경기양평군,양평읍,37.49093212,127.492562,392,105,26.78571429
양학시장,경북포항시,양학동,36.02726703,129.3497408,54,19,35.18518519
언양공설시장,울산울주군,언양읍,35.56262377,129.1263172,58,126,217.2413793
언양종합상가시장,울산울주군,언양읍,35.5637001,129.1256956,98,32,32.65306122
엄정내창시장,충북충주시,엄정면,37.08639566,127.9158811,100,21,21
에덴골목시장,부산사하구,하단2동,35.11114755,128.9627212,40,5,12.5
에덴시장,부산사하구,하단2동,35.1114836,128.9629713,80,3,3.75
여주한글시장(여주중앙로상점가),경기여주시,중앙동,37.29755119,127.6342892,179,75,41.89944134
역곡남부시장,경기부천시,범안동,37.48252978,126.8115377,75,45,60
역전시장,경기수원시,매산동,37.26630163,127.0023389,200,22,11
역전시장,충남예산군,예산읍,36.68704202,126.829752,39,22,56.41025641
역전시장,전북김제시,신풍동,35.79317041,126.9015965,55,22,40
역전시장,전남순천시,덕연동,34.94374807,127.503331,202,22,10.89108911
연동시장,부산연제구,연산1동,35.18884338,129.0925228,23,23,100
연무안심시장,충남논산시,연무읍,36.13006471,127.0982524,95,39,41.05263158
연미새시장,부산연제구,연산6동,35.17412578,129.0945796,100,11,11
연산전통시장,충남논산시,연산면,36.21626966,127.2164929,61,7,11.47540984
연서시장,서울은평구,불광2동,37.61969094,126.922172,91,101,110.989011
연수상가,충북충주시,연수동,36.98478306,127.9332268,190,3,1.578947368
연원시장,충북충주시,연수동,36.98929051,127.9348029,58,40,68.96551724
연일시장,부산연제구,연산4동,35.18557217,129.0848775,50,28,56
연일전통시장,경북포항시,연일읍,35.99635584,129.3486828,140,61,43.57142857
연지시장,부산부산진구,연지동,35.17090509,129.0513996,83,31,37.34939759
연천시장,부산연제구,연산8동,35.18978408,129.0980891,93,5,5.376344086
연희사러가,서울서대문구,연희동,37.56715459,126.9296612,30,7,23.33333333
영광터미널시장,전남영광군,영광읍,35.27553643,126.5030195,85,70,82.35294118
영남종합시장,부산연제구,연산5동,35.18077479,129.0770184,31,1,3.225806452
영덕시장,경북영덕군,영덕읍,36.40670644,129.3696948,79,36,45.56962025
영도봉래시장,부산영도구,봉래1동,35.09272088,129.0432815,134,102,76.11940299
영동전통시장,서울강남구,논현1동,37.50999521,127.0238232,110,186,169.0909091
영동전통시장,충북영동군,영동읍,36.17490545,127.7761407,174,186,106.8965517
영동중앙시장,충북영동군,영동읍,36.17466742,127.7756995,95,26,27.36842105
영등포유통상가,서울영등포구,당산1동,37.52241744,126.8939303,1250,2,0.16
영산시장,경남창녕군,영산면,35.45704192,128.5325981,57,9,15.78947368
영선신시장,대구남구,대명2동,35.85230523,128.5929207,118,38,32.20338983
영신상가,서울영등포구,영등포동,37.51992006,126.9066547,99,41,41.41414141
영암5일시장,전남영암군,영암읍,34.80123919,126.7005657,125,15,12
영양시장,경북영양군,영양읍,36.66434491,129.1159732,80,19,23.75
영일시장,서울영등포구,문래동,37.51613516,126.9007193,120,106,88.33333333
영주골목시장,경북영주시,영주1동,36.82466754,128.6228703,72,34,47.22222222
영주공설시장,경북영주시,하망동,36.82255573,128.6263204,106,50,47.16981132
영주문화시장,경북영주시,영주1동,36.8239126,128.6235621,165,111,67.27272727
영주소백쇼핑몰,경북영주시,하망동,36.82348952,128.62617,100,54,54
영주시장,부산중구,영주1동,35.11189976,129.0369848,34,2,5.882352941
영주종합시장,경북영주시,휴천2동,36.81360395,128.6221794,57,10,17.54385965
영주중앙시장,경북영주시,영주1동,36.8257389,128.6209769,68,6,8.823529412
영진시장,서울마포구,서교동,37.55346487,126.9126921,61,3,4.918032787
영천공설시장,경북영천시,완산동,35.96424852,128.9385815,245,140,57.14285714
영천시장,서울서대문구,천연동,37.57034953,126.9618663,135,88,65.18518519
영해종합시장,부산사상구,학장동,35.1407094,128.9879641,30,23,76.66666667
예산상설시장,충남예산군,예산읍,36.67723471,126.8494508,110,48,43.63636364
예산시장,충남예산군,예산읍,36.67723471,126.8494508,400,7,1.75
예천상설시장,경북예천군,예천읍,36.65599016,128.4561493,82,63,76.82926829
예천중앙시장,경북예천군,예천읍,36.65743408,128.4578289,65,5,7.692307692
오수시장,전북임실군,오수면,35.5384383,127.3266517,19,25,131.5789474
오이도전통수산시장,경기시흥시,정왕3동,37.34588131,126.6882099,172,47,27.3255814
오정시장,경기부천시,오정동,37.52597405,126.7857048,70,38,54.28571429
오창전통시장,충북청주시,오창읍,36.74174107,127.4556173,99,60,60.60606061
오천삼광시장,경북포항시,오천읍,35.97830389,129.4123384,54,7,12.96296296
오천시장,경북포항시,오천읍,35.96647172,129.4142295,101,58,57.42574257
옥곡5일시장,전남광양시,옥곡면,34.98850348,127.7002397,62,48,77.41935484
옥골시장,울산중구,중앙동,35.55523793,129.3229594,77,52,67.53246753
옥수동새시장,경남거제시,능포동,34.87571302,128.7321084,43,5,11.62790698
옥수시장,경남거제시,능포동,34.87534443,128.7308732,43,7,16.27906977
옥천공설시장,충북옥천군,옥천읍,36.30251296,127.5679152,40,29,72.5
옥포국제시장,경남거제시,옥포2동,34.89396951,128.6892379,115,51,44.34782609
온양온천시장(온양전통시장),충남아산시,온양1동,36.7832919,127.0042322,441,257,58.27664399
온천인정시장,부산동래구,온천1동,35.22311398,129.0831495,129,50,38.75968992
와수시장,강원철원군,서면,38.23946579,127.4394938,104,29,27.88461538
완도중앙시장,전남완도군,완도읍,34.31446984,126.7552368,15,21,140
왜관시장,경북칠곡군,왜관읍,35.99515075,128.3982558,132,97,73.48484848
용궁시장,경북예천군,용궁면,36.60701802,128.2753721,30,16,53.33333333
용남시장,전북남원시,죽항동,35.40710501,127.3767656,106,49,46.22641509
용문천년시장,경기양평군,용문면,37.48396323,127.5947559,163,63,38.65030675
용산용문시장,서울용산구,용문동,37.53662269,126.9597957,155,150,96.77419355
용산종합큰시장,대구달서구,용산1동,35.8580507,128.5311724,91,40,43.95604396
용상공설시장,경북안동시,용상동,36.55947134,128.7501645,69,58,84.05797101
용운시장,대전동구,용운동,36.32781621,127.4605847,40,41,102.5
용인중앙시장,경기용인시,중앙동,37.23671447,127.2078585,530,229,43.20754717
용현시장,인천미추홀구,용현3동,37.45756117,126.6503744,237,187,78.90295359
용호1동골목시장,부산남구,용호1동,35.12436007,129.1102038,130,37,28.46153846
용호골목시장,부산남구,용호3동,35.11640737,129.1114604,113,102,90.26548673
용호삼성시장,부산남구,용호1동,35.12389935,129.1105376,37,7,18.91891892
용호시장,부산남구,용호2동,35.114912,129.1127729,62,34,54.83870968
우동종합상가시장,부산해운대구,우2동,35.17067972,129.1388575,51,8,15.68627451
우림골목시장,서울중랑구,망우본동,37.59677182,127.0982722,127,118,92.91338583
우림시장,서울관악구,난곡동,37.47029785,126.9204441,95,2,2.105263158
우산매일시장,광주광산구,우산동,35.16524813,126.8014856,43,19,44.18604651
우수영5일시장,전남목포시,원산동,34.80937871,126.3742394,38,18,47.36842105
우신종합상가,부산사상구,모라1동,35.18311311,128.9912819,189,8,4.232804233
우암골목시장,부산남구,우암동,35.12643197,129.0705809,130,1,0.769230769
우이시장,서울강북구,수유2동,37.64603739,127.020016,31,2,6.451612903
우정전통시장,울산중구,우정동,35.55500792,129.310424,102,74,72.54901961
운암시장,광주북구,운암2동,35.17337341,126.8820036,118,29,24.57627119
울산번개시장,울산남구,야음장생포동,35.520238,129.3367705,124,88,70.96774194
울산산업공구월드,울산남구,삼산동,35.53578533,129.3426384,282,21,7.446808511
울산시장,울산중구,중앙동,35.55546849,129.3284088,358,63,17.59776536
웃장,전남순천시,중앙동,34.95864578,127.4850341,158,61,38.60759494
웅천시장,경남창원시,웅천동,35.11101903,128.7509026,132,51,38.63636364
웅천시장,충남보령시,웅천읍,36.23299004,126.6012675,87,51,58.62068966
원고개시장,대구서구,비산1동,35.88028036,128.5682981,127,57,44.88188976
원대신시장,대구서구,원대동,35.88553463,128.5748006,59,32,54.23728814
원마루시장,충북청주시,분평동,36.60903358,127.4964114,120,86,71.66666667
원미부흥시장,경기부천시,심곡동,37.49219337,126.7899688,54,43,79.62962963
원미종합시장,경기부천시,부천동,37.49368229,126.7901781,106,99,93.39622642
원종종합시장,경기부천시,성곡동,37.51971159,126.805569,51,35,68.62745098
원종중앙시장,경기부천시,오정동,37.52506508,126.8023169,72,44,61.11111111
원주남부시장,강원원주시,명륜1동,37.34301479,127.9544876,205,58,28.29268293
원통시장,강원인제군,북면,38.12258112,128.2046174,63,27,42.85714286
월곡시장,광주광산구,월곡1동,35.17129717,126.8096478,43,42,97.6744186
월드밸리,부산중구,부평동,35.10280429,129.0263584,304,25,8.223684211
월드프라자,경기안산시,본오3동,37.30055499,126.8664493,234,5,2.136752137
월배시장,대구달서구,진천동,35.81407427,128.5273978,315,48,15.23809524
월봉시장,울산동구,전하2동,35.50966861,129.4260293,179,68,37.98882682
월성청구시장,대구달서구,월성2동,35.82753061,128.5311036,75,9,12
월영대시장,경남창원시,월영동,35.17927954,128.5577548,125,9,7.2
월정로시장,서울양천구,신월1동,37.53347273,126.8356887,123,22,17.88617886
유진상가,서울서대문구,홍제3동,37.59163153,126.9430423,67,55,82.08955224
은척시장,경북상주시,은척면,36.53266774,128.0729549,24,8,33.33333333
은행시장,경기성남시,은행2동,37.45758554,127.1644853,51,14,27.45098039
음성시장,충북음성군,음성읍,36.93816594,127.6921265,200,120,60
의정부시장,경기의정부시,의정부1동,37.73945051,127.0511829,39,33,84.61538462
의정부제일시장,경기의정부시,의정부1동,37.74012663,127.0500679,334,312,93.41317365
의정부청과야채시장,경기의정부시,의정부1동,37.73855004,127.0527082,66,48,72.72727273
이촌종합시장,서울용산구,이촌1동,37.52073939,126.9747838,100,25,25
이태원시장,서울용산구,이태원1동,37.53381836,126.9900484,105,40,38.0952381
익산남부시장,전북익산시,인화동,35.93194533,126.9533793,55,32,58.18181818
인동시장,대전동구,신인동,36.32253186,127.4359134,41,18,43.90243902
인동시장,경북구미시,인동동,36.10819769,128.4209296,126,18,14.28571429
인왕시장,서울서대문구,홍제3동,37.59121811,126.9433194,158,111,70.25316456
인제시장,강원인제군,인제읍,38.06709944,128.1710768,118,55,46.61016949
인천강남시장,인천서구,석남1동,37.51122131,126.6719954,117,88,75.21367521
인천모래내전통시장,인천남동구,구월4동,37.45383617,126.7213345,216,148,68.51851852
인천종합어시장,인천중구,연안동,37.45413649,126.6071645,505,258,51.08910891
인천축산물시장,인천서구,가좌4동,37.47899257,126.6884571,117,67,57.26495726
인헌시장,서울관악구,인헌동,37.47486164,126.9647704,50,53,106
일동전통시장,경기포천시,일동면,37.95977517,127.3194839,36,5,13.88888889
일로전통시장,전남무안군,일로읍,34.84753508,126.4943346,14,21,150
일신시장(부일종합시장),인천부평구,일신동,37.48472019,126.7432795,79,50,63.29113924
일죽시장,경기안성시,일죽면,37.09336891,127.4784223,109,63,57.79816514
임실시장,전북임실군,임실읍,35.61445105,127.2827109,67,75,111.9402985
자갈치시장,부산중구,남포동,35.09661378,129.0305837,320,122,38.125
자유도매시장,대전동구,중앙동,36.32923674,127.4320061,102,37,36.2745098
자유상가,서울중구,회현동,37.56095855,126.9797671,180,19,10.55555556
자인공설시장,경북경산시,자인면,35.81647867,128.8229713,60,50,83.33333333
작전시장,인천계양구,작전2동,37.53248718,126.724325,120,86,71.66666667
장계시장,전북장수군,장계면,35.72943841,127.5822721,44,14,31.81818182
장량성도시장,경북포항시,두호동,36.06828032,129.3813722,54,66,122.2222222
장림골목시장,부산사하구,장림1동,35.08046852,128.9676774,95,40,42.10526316
장림시장,부산사하구,장림1동,35.08093227,128.9677386,37,19,51.35135135
장미원골목시장,서울강북구,수유2동,37.64463283,127.0160158,108,86,79.62962963
장미제일시장,서울중랑구,묵2동,37.60517363,127.0763732,56,30,53.57142857
장성시장,부산금정구,장전1동,35.23744168,129.0855567,28,1,3.571428571
장성중앙시장,강원태백시,장성동,37.10068429,129.009713,47,23,48.93617021
장수시장,전북장수군,장수읍,35.64910245,127.5174723,33,9,27.27272727
장안문거북시장,경기수원시,영화동,37.29314857,127.0139656,137,66,48.17518248
장위전통시장,서울성북구,장위2동,37.61033453,127.0513393,64,73,114.0625
장유전통시장(장유중앙시장),경남김해시,장유1동,35.20056852,128.8148083,111,84,75.67567568
장전상가시장,부산금정구,장전2동,35.23084994,129.086107,57,9,15.78947368
장천시장,경북구미시,장천면,36.12569981,128.4934095,73,6,8.219178082
장평종합시장,경남거제시,장평동,34.89086168,128.6131049,81,16,19.75308642
장항전통시장,충남서천군,장항읍,36.01556066,126.6945719,101,20,19.8019802
장호원전통시장,경기이천시,장호원읍,37.11808847,127.6312509,69,61,88.4057971
재송시장,부산해운대구,재송1동,35.18658572,129.1236759,68,15,22.05882353
재송한마음시장,부산해운대구,재송1동,35.18607539,129.1246062,83,25,30.12048193
적성전통시장,경기파주시,적성면,37.9546091,126.9186694,86,48,55.81395349
전기재료관,대구북구,산격2동,35.9050606,128.6077132,141,6,4.255319149
전기조명관,대구북구,산격2동,35.90569603,128.6082752,83,3,3.614457831
전농로터리시장,서울동대문구,전농1동,37.57814435,127.0570279,85,37,43.52941176
전자관,대구북구,산격2동,35.90720316,128.6070187,1011,208,20.57368942
전자상가,대구북구,산격2동,35.90545705,128.604982,369,10,2.7100271
전주남부시장,전북전주시,풍남동,35.81278642,127.1475371,327,238,72.78287462
전주신중앙시장(신중앙시장),전북전주시,중앙동,35.82412315,127.1434822,168,175,104.1666667
전통중앙도매상가,대전동구,중앙동,36.32982636,127.4337041,145,123,84.82758621
전포놀이터시장,부산부산진구,전포2동,35.15899025,129.0670092,70,15,21.42857143
점촌역전상점가,경북문경시,점촌1동,36.59579707,128.2023118,152,110,72.36842105
정남진장흥토요시장,전남장흥군,장흥읍,34.67727214,126.9031396,140,99,70.71428571
정릉시장,서울성북구,정릉4동,37.60847133,127.0096809,120,84,70
정릉아리랑시장,서울성북구,정릉2동,37.60276767,127.0110392,54,30,55.55555556
정산시장,충남청양군,정산면,36.41059417,126.9480176,58,9,15.51724138
정선사북시장,강원정선군,사북읍,37.22736185,128.8162173,69,60,86.95652174
정선아리랑시장,강원정선군,정선읍,37.38039035,128.6652264,170,79,46.47058824
정왕시장,경기시흥시,정왕본동,37.34580604,126.748569,75,7,9.333333333
정우새어시장,경남창원시,오동동,35.20411504,128.578725,73,41,56.16438356
정자시장,경기수원시,정자2동,37.29069027,127.0008813,150,131,87.33333333
제일시장,서울은평구,대조동,37.61062266,126.9294663,55,30,54.54545455
제일시장,전남여수시,쌍봉동,34.76419709,127.6646523,63,30,47.61904762
제일종합시장,강원춘천시,약사명동,37.87748142,127.7260807,244,75,30.73770492
제일평화시장,서울중구,신당동,37.56851432,127.0114021,800,27,3.375
제주시민속오일시장,제주제주시,도두동,33.49724701,126.4748884,1040,493,47.40384615
제천고추시장,충북제천시,용두동,37.15643437,128.1750459,86,3,3.488372093
제천약초시장,충북제천시,화산동,37.12788906,128.2195912,63,32,50.79365079
제천중앙시장,충북제천시,중앙동,37.13662753,128.2113,707,200,28.28854314
조공시장,경기부천시,범안동,37.48040752,126.8052447,38,14,36.84210526
조암시장,경기화성시,우정읍,37.082198,126.8170415,410,99,24.14634146
조원시장,경기수원시,조원1동,37.30078361,127.0153385,125,79,63.2
종로신진시장,서울종로구,종로5.6가동,37.57022828,127.0049462,104,21,20.19230769
좌동재래시장,부산해운대구,좌1동,35.17306907,129.1744556,76,95,125
주례현대무지개상가,부산사상구,주례3동,35.14496383,129.0049861,117,1,0.854700855
주문진건어물시장,강원강릉시,주문진읍,37.89114216,128.8287525,98,87,88.7755102
주문진수산시장,강원강릉시,주문진읍,37.89076898,128.8279729,53,30,56.60377358
주문진종합시장,강원강릉시,주문진읍,37.89122374,128.8268929,63,42,66.66666667
죽도농산물시장,경북포항시,죽도동,36.03457772,129.3679676,530,325,61.32075472
죽도시장,경북포항시,죽도동,36.03641906,129.3681415,510,396,77.64705882
죽도어시장,경북포항시,죽도동,36.03513373,129.3690792,250,87,34.8
죽변시장,경북울진군,죽변면,37.05896818,129.4222539,64,40,62.5
죽산시장,경기안성시,죽산면,37.07598807,127.4233891,110,38,34.54545455
중곡제일전통시장(중곡제일시장),서울광진구,중곡1동,37.56388274,127.0817652,137,134,97.81021898
중랑교종합상가,서울중랑구,상봉2동,37.59294806,127.0771147,67,6,8.955223881
중랑동부시장(동부골목시장),서울중랑구,상봉2동,37.59244203,127.0763254,125,99,79.2
중리시장,대전대덕구,중리동,36.36558954,127.4263885,166,147,88.55421687
중마시장,전남광양시,중마동,34.93820312,127.6988496,80,75,93.75
중부시장,서울중구,광희동,37.56506341,127.0019051,510,15,2.941176471
중앙도매시장,대전동구,중앙동,36.32956033,127.4331847,68,17,25
중앙로상점가,제주제주시,이도1동,33.51010018,126.5239614,140,71,50.71428571
중앙메가프라자,대전동구,중앙동,36.3267299,127.4339584,151,40,26.49006623
중앙상가시장,대전동구,중앙동,36.32961517,127.4311264,200,44,22
중앙선어시장,전남여수시,중앙동,34.73945144,127.7368753,40,62,155
중앙시장,대구북구,태전1동,35.92166388,128.5449078,38,29,76.31578947
중앙시장,인천동구,송현1.2동,37.47535282,126.6333451,103,29,28.15533981
중앙시장,경기동두천시,중앙동,37.90690224,127.0537404,201,29,14.4278607
중앙시장,경기안성시,안성2동,37.00656174,127.2687958,64,29,45.3125
중앙시장,경기안양시,안양4동,37.39756839,126.9196682,315,29,9.206349206
중앙시장,경기평택시,신장2동,37.07989124,127.0523673,150,29,19.33333333
중앙시장,강원강릉시,중앙동,37.75402359,128.8986233,203,29,14.28571429
중앙시장,충북청주시,중앙동,36.63882722,127.4892145,72,29,40.27777778
중앙시장,전북익산시,중앙동,35.94206031,126.9497333,137,29,21.16788321
중앙시장,전남순천시,중앙동,34.95326231,127.4846025,32,29,90.625
중앙시장,전남여수시,중앙동,34.74059589,127.7325649,131,29,22.13740458
중앙시장,경북김천시,자산동,36.11908641,128.1248283,90,29,32.22222222
중앙신시장,경북안동시,서구동,36.56511672,128.724162,450,223,49.55555556
중앙전통시장,울산중구,중앙동,35.55518282,129.3222936,237,143,60.33755274
중앙종합시장,대전동구,중앙동,36.32859197,127.4322021,122,134,109.8360656
중평시장,대구서구,평리4동,35.86537086,128.5539071,77,13,16.88311688
증산종합시장,서울은평구,증산동,37.58146885,126.9050616,114,19,16.66666667
증평장뜰재래시장,충북증평군,증평읍,36.78339213,127.5829505,92,77,83.69565217
지귀시장,경남창원시,봉림동,35.24581106,128.6598468,78,50,64.1025641
지동시장,경기수원시,지동,37.27788344,127.0196281,236,55,23.30508475
지리산나들이장터,전남구례군,산동면,35.31147064,127.4444997,22,7,31.81818182
진도상설시장,전남진도군,진도읍,34.48135444,126.2649053,17,7,41.17647059
진도읍조금시장,전남진도군,진도읍,34.4814784,126.2569325,34,5,14.70588235
진동전통시장,경남창원시,진동면,35.11330584,128.4873242,78,11,14.1025641
진부전통시장,강원평창군,진부면,37.63821679,128.5579259,105,54,51.42857143
진주동성상가,경남진주시,천전동,35.18092171,128.0893331,150,55,36.66666667
진주중앙시장,경남진주시,중앙동,35.19392285,128.0848889,430,342,79.53488372
진천중앙시장,충북진천군,진천읍,36.85685785,127.4423741,53,55,103.7735849
진해중부시장,경남창원시,경화동,35.15507185,128.681561,108,3,2.777777778
진해중앙시장,경남창원시,충무동,35.15108231,128.6652503,324,187,57.71604938
진흥종합시장,인천부평구,부평4동,37.49694725,126.725706,82,38,46.34146341
창동골목시장,서울도봉구,창3동,37.63840117,127.0391454,62,53,85.48387097
창동신창시장,서울도봉구,창2동,37.63943514,127.0374555,77,78,101.2987013
창선상가,부산중구,부평동,35.10194037,129.0277411,140,25,17.85714286
창원기계공구상가,경남창원시,팔룡동,35.23376746,128.6410782,214,1,0.46728972
창원코아상가,경남창원시,중앙동,35.22044242,128.6795415,184,16,8.695652174
창평전통시장,전남담양군,창평면,35.23810681,127.0149068,48,11,22.91666667
천관산관광시장,전남장흥군,관산읍,34.56276999,126.9370792,33,9,27.27272727
천전시장,경남진주시,천전동,35.18508577,128.0883044,78,6,7.692307692
철뚝시장,부산부산진구,범천1동,35.14222041,129.0615694,63,36,57.14285714
청구문화시장,경기성남시,수내1동,37.37666085,127.1162393,96,29,30.20833333
청구시장,대구수성구,만촌2동,35.86484933,128.6442063,60,1,1.666666667
청담삼익시장,서울강남구,청담동,37.5224448,127.0576204,183,7,3.825136612
청도공설시장,경북청도군,청도읍,35.6428661,128.7444446,189,64,33.86243386
청량리농수산물시장,서울동대문구,제기동,37.58094844,127.0404057,121,72,59.50413223
청량리수산시장,서울동대문구,용신동,37.57807282,127.0409508,100,91,91
청량리전통시장,서울동대문구,제기동,37.58088659,127.0423256,103,46,44.66019417
청량리종합시장,서울동대문구,제기동,37.57933848,127.0408575,135,148,109.6296296
청량리청과물시장,서울동대문구,제기동,37.57959,127.040684,150,163,108.6666667
청량종합도매시장(깡통시장),서울동대문구,제기동,37.58190857,127.0403105,56,31,55.35714286
청주사창시장,충북청주시,사창동,36.63360862,127.4652976,87,98,112.6436782
청평여울시장,경기가평군,청평면,37.7360485,127.4181274,114,52,45.61403509
청하시장,경북포항시,청하면,36.19707466,129.3396614,35,7,20
청학시장,부산영도구,청학1동,35.09660365,129.0603435,80,34,42.5
초계시장,경남합천군,초계면,35.55931487,128.2668345,52,2,3.846153846
초량전통시장,부산동구,초량2동,35.11803874,129.0396675,158,97,61.39240506
초읍시장,부산부산진구,초읍동,35.17731345,129.0526746,58,5,8.620689655
춘천남부시장,강원춘천시,효자1동,37.87056273,127.7260495,56,3,5.357142857
춘천동부시장,강원춘천시,조운동,37.87723546,127.734114,131,78,59.54198473
춘천번개시장,강원춘천시,근화동,37.89183308,127.7263073,54,25,46.2962963
춘천서부시장,강원춘천시,소양동,37.88481452,127.7246493,311,13,4.180064309
춘천중앙시장,강원춘천시,약사명동,37.87849419,127.7257538,200,142,71
춘천풍물시장,강원춘천시,강남동,37.86623705,127.7195843,143,82,57.34265734
충렬상가시장,부산동래구,안락2동,35.19809586,129.1099543,108,16,14.81481481
충무동골목시장,부산서구,충무동,35.09428203,129.0236516,170,66,38.82352941
충무동해안시장,부산서구,충무동,35.09588256,129.0259959,173,69,39.88439306
충주자유시장,충북충주시,성내.충인동,36.9739313,127.9306713,408,449,110.0490196
칠곡시장,대구북구,읍내동,35.94252496,128.551221,62,47,75.80645161
칠성본시장,대구북구,칠성동,35.87551494,128.60438,78,29,37.17948718
칠성상가시장,대구북구,칠성동,35.87561087,128.6053141,70,31,44.28571429
칠성시장,대구북구,칠성동,35.87631033,128.605429,243,358,147.3251029
칠성전자주방시장,대구북구,칠성동,35.88023367,128.6015513,110,86,78.18181818
코끼리시장,경기성남시,수내2동,37.37311168,127.1204218,138,39,28.26086957
코오롱타운상가,경남창원시,내서읍,35.26570599,128.5256081,78,40,51.28205128
태능엔터피아,서울중랑구,중화2동,37.59922257,127.0775053,47,3,6.382978723
태백시장,대구수성구,수성2.3가동,35.85518807,128.616759,61,13,21.31147541
태화종합시장,울산중구,태화동,35.55623331,129.3073562,157,189,120.3821656
테크노상가,서울중구,신당동,37.56884578,127.0132375,188,6,3.191489362
토월복합상가시장,경남창원시,용지동,35.22803688,128.6919388,214,14,6.542056075
토지금고시장,인천미추홀구,용현5동,37.45154989,126.6378022,118,96,81.3559322
통영중앙전통시장,경남통영시,중앙동,34.84529265,128.4246138,280,200,71.42857143
통인시장,서울종로구,청운효자동,37.580767,126.9699476,85,67,78.82352941
통일상가,서울중구,광희동,37.5689078,127.0063163,627,60,9.56937799
통진시장,경기김포시,통진읍,37.69129472,126.5997011,120,30,25
팔달문시장,경기수원시,행궁동,37.27685617,127.0178859,239,72,30.12552301
팔달신시장,대구북구,노원동,35.8922884,128.566322,520,436,83.84615385
평거한보하이타운,경남진주시,평거동,35.17265107,128.0592567,148,1,0.675675676
평창올림픽시장(평창전통시장),강원평창군,평창읍,37.36723552,128.3947832,90,51,56.66666667
평해시장,경북울진군,평해읍,36.72694528,129.4424364,29,23,79.31034483
평화시장,서울중구,광희동,37.56942586,127.0080476,2170,406,18.70967742
평화시장,대구동구,신암1동,35.88259978,128.6193995,71,406,571.8309859
평화시장,경북김천시,평화남산동,36.12364051,128.1130801,117,406,347.008547
포방터시장,서울서대문구,홍은1동,37.59867095,126.9488969,88,56,63.63636364
포항운하송림시장,경북포항시,송도동,36.02816906,129.3763077,48,16,33.33333333
표선오일시장,제주서귀포시,표선면,33.3227172,126.8303826,50,1,2
풍기선비골인삼시장,경북영주시,풍기읍,36.88850301,128.5406894,68,44,64.70588235
풍기인삼시장,경북영주시,풍기읍,36.87302722,128.5236169,53,37,69.81132075
풍기중앙시장,경북영주시,풍기읍,36.8706025,128.528199,74,15,20.27027027
풍기토종인삼시장,경북영주시,풍기읍,36.87043796,128.5223253,54,27,50
풍납시장,서울송파구,풍납1동,37.53756487,127.1194927,160,93,58.125
하단시장,부산사하구,당리동,35.10627751,128.9694939,40,1,2.5
하단오일상설시장,부산사하구,하단1동,35.10372011,128.9708028,103,72,69.90291262
하대원공설시장,경기성남시,하대원동,37.42756198,127.1420157,105,62,59.04761905
학성새벽시장,울산중구,학성동,35.55643322,129.3329438,193,196,101.5544041
학익시장,인천미추홀구,학익2동,37.44351498,126.6649652,87,21,24.13793103
학장반도보라상가,부산사상구,학장동,35.13729145,128.9791721,109,29,26.60550459
한라종합시장,경북포항시,용흥동,36.04122646,129.3512715,40,1,2.5
한라프라자,경남거제시,고현동,34.88820439,128.6235602,57,19,33.33333333
한림매일시장,제주제주시,한림읍,33.41564699,126.2647729,58,13,22.4137931
한민시장,대전서구,괴정동,36.33462149,127.3840015,146,180,123.2876712
한일상가,서울종로구,종로5.6가동,37.5701341,127.003025,228,2,0.877192982
함창시장,경북상주시,함창읍,36.56732433,128.1791443,50,12,24
합덕전통시장,충남당진시,합덕읍,36.80616603,126.7719699,69,30,43.47826087
합성대로상가,경남창원시,합성1동,35.23893191,128.5824166,35,5,14.28571429
합성동상가,경남창원시,합성2동,35.23772502,128.583461,100,3,3
해미시장,충남서산시,해미면,36.71108862,126.5455129,90,29,32.22222222
해미종합시장,충남서산시,해미면,36.71129701,126.5464938,46,17,36.95652174
해안로건어물상가시장,전남여수시,중앙동,34.73953206,127.7345269,40,21,52.5
해운대시장,부산해운대구,중1동,35.16140387,129.1623153,111,69,62.16216216
현대시장,인천동구,송림6동,37.47748725,126.6461237,285,139,48.77192982
현대시장,경기성남시,태평3동,37.44170136,127.1319785,50,139,278
현대프라자시장,경기성남시,수내3동,37.36998628,127.1236631,96,1,1.041666667
현풍백년도깨비시장,대구달성군,현풍읍,35.69476056,128.4422285,65,84,129.2307692
호계공설시장,울산북구,농소1동,35.62361611,129.355738,59,71,120.3389831
홍성상설시장,충남홍성군,홍성읍,36.59973844,126.6637088,96,30,31.25
홍천중앙시장,강원홍천군,홍천읍,37.69108298,127.886165,108,79,73.14814815
화개장터,경남하동군,화개면,35.18862364,127.6242242,74,81,109.4594595
화곡본동시장,서울강서구,화곡본동,37.54288484,126.8441295,50,54,108
화봉시장(화봉종합시장),울산북구,송정동,35.58881997,129.3658257,46,31,67.39130435
화서시장,경기수원시,화서1동,37.27857804,127.0020898,203,117,57.63546798
화원시장,대구달성군,화원읍,35.8012922,128.4990942,36,42,116.6666667
화천재래시장,강원화천군,화천읍,38.10390468,127.7064262,97,81,83.50515464
황룡시장,전남장성군,황룡면,35.29168517,126.7738898,81,12,14.81481481
황지자유시장,강원태백시,황연동,37.17303883,129.0412268,146,131,89.7260274
황학시장,서울중구,황학동,37.56738265,127.0197632,116,11,9.482758621
회기시장,서울동대문구,회기동,37.59097015,127.0549791,64,17,26.5625
회성종합시장,경남창원시,회성동,35.23292398,128.5592165,78,12,15.38461538
효자시장,경북포항시,효곡동,36.00855115,129.3326778,208,141,67.78846154
흥해시장,경북포항시,흥해읍,36.110619,129.3482876,153,63,41.17647059
